Workbook

Sheet comando mult
A1: Name | B1: WWN | C1: ID | D1: Storage | E1: =VLOOKUP(B:B,multi.conf!B:B,1,0) -> #N/A
A2: SAP_DATA2DISK2 | B2: 36000d3100061a2000000000000000261 | C2: dm-10 | D2: COMPELNT,Compellent | E2: =VLOOKUP(B:B,multi.conf!B:B,1,0) -> 36000d3100061a2000000000000000261
A3: ORCLDISKARCH2 | B3: 36000d3100061a20000000000000000bb | C3: dm-11 | D3: COMPELNT,Compellent | E3: =VLOOKUP(B:B,multi.conf!B:B,1,0) -> 36000d3100061a20000000000000000bb
A4: ORCLDISKACFS14 | B4: 36000d3100061a2000000000000000164 | C4: dm-12 | D4: COMPELNT,Compellent | E4: =VLOOKUP(B:B,multi.conf!B:B,1,0) -> 36000d3100061a2000000000000000164
A5: ORCLDISKACFS4 | B5: 36000d3100061a2000000000000000131 | C5: dm-13 | D5: COMPELNT,Compellent | E5: =VLOOKUP(B:B,multi.conf!B:B,1,0) -> 36000d3100061a2000000000000000131
A6: ORCLDISKDATA1 | B6: 36000d3100061a20000000000000000b7 | C6: dm-14 | D6: COMPELNT,Compellent | E6: =VLOOKUP(B:B,multi.conf!B:B,1,0) -> 36000d3100061a20000000000000000b7
A7: ORCLDISKACFS8 | B7: 36000d3100061a200000000000000015e | C7: dm-15 | D7: COMPELNT,Compellent | E7: =VLOOKUP(B:B,multi.conf!B:B,1,0) -> 36000d3100061a200000000000000015e
A8: ORCLDISKACFS6 | B8: 36000d3100061a2000000000000000133 | C8: dm-16 | D8: COMPELNT,Compellent | E8: =VLOOKUP(B:B,multi.conf!B:B,1,0) -> 36000d3100061a2000000000000000133
A9: SAP_P_N_ORCLDISKDATA5 | B9: 36000d3100061a2000000000000000185 | C9: dm-17 | D9: COMPELNT,Compellent | E9: =VLOOKUP(B:B,multi.conf!B:B,1,0) -> 36000d3100061a2000000000000000185
A10: ORCLDISKOCR0 | B10: 36000d3100061a20000000000000000b1 | C10: dm-18 | D10: COMPELNT,Compellent | E10: =VLOOKUP(B:B,multi.conf!B:B,1,0) -> 36000d3100061a20000000000000000b1
A11: SAP_P_N_ORCLDISKDATA1 | B11: 36000d3100061a2000000000000000145 | C11: dm-19 | D11: COMPELNT,Compellent | E11: =VLOOKUP(B:B,multi.conf!B:B,1,0) -> 36000d3100061a2000000000000000145
A12: ORCLDISKVOTE0 | B12: 36000d3100061a20000000000000000ad | C12: dm-2 | D12: COMPELNT,Compellent | E12: =VLOOKUP(B:B,multi.conf!B:B,1,0) -> 36000d3100061a20000000000000000ad
... A55: ORCLDISKARCH0 | B55: 36000d3100061a20000000000000000b9 | C55: dm-9 | D55: COMPELNT,Compellent | E55: =VLOOKUP(B:B,multi.conf!B:B,1,0) -> 36000d3100061a20000000000000000b9

Sheet Planilha3
A1: #TYPE Selected.System.ServiceProcess.ServiceController
A2: Name | B2: DisplayName | C2: Status
A3: AdobeARMservice | B3: Adobe Acrobat Update Service | C3: Running
A4: Appinfo | B4: Informaþ§es sobre Aplicativos | C4: Running
A5: AppXSvc | B5: Serviþo de ImplantaþÒo AppX (AppXSVC) | C5: Running
A6: AudioEndpointBuilder | B6: Construtor de Pontos de Extremidade de ┴udio do Windows | C6: Running
A7: Audiosrv | B7: ┴udio do Windows | C7: Running
A8: BFE | B8: Mecanismo de Filtragem Bßsica | C8: Running
A9: BITS | B9: Serviþo de TransferÛncia Inteligente em Segundo Plano | C9: Running
A10: BrokerInfrastructure | B10: Serviþo de Infraestrutura de Tarefas de Segundo Plano | C10: Running
A11: BthAvctpSvc | B11: Serviþo AVCTP | C11: Running
A12: cbdhsvc_10cd5a | B12: Serviþo de Usußrio da ┴rea de TransferÛncia_10cd5a | C12: Running
A13: cbdhsvc_14a94b14 | B13: Serviþo de Usußrio da ┴rea de TransferÛncia_14a94b14 | C13: Running
... A148: wuauserv | B148: Windows Update | C148: Running

Sheet Planilha4
A1: Name | B1: DisplayName | C1: Status
A2: AdobeARMservice | B2: Adobe Acrobat Update Service | C2: Running
A3: Appinfo | B3: Informaþ§es sobre Aplicativos | C3: Running
A4: AppXSvc | B4: Serviþo de ImplantaþÒo AppX (AppXSVC) | C4: Running
A5: AudioEndpointBuilder | B5: Construtor de Pontos de Extremidade de ┴udio do Windows | C5: Running
A6: Audiosrv | B6: ┴udio do Windows | C6: Running
A7: BFE | B7: Mecanismo de Filtragem Bßsica | C7: Running
A8: BITS | B8: Serviþo de TransferÛncia Inteligente em Segundo Plano | C8: Running
A9: BrokerInfrastructure | B9: Serviþo de Infraestrutura de Tarefas de Segundo Plano | C9: Running
A10: BthAvctpSvc | B10: Serviþo AVCTP | C10: Running
A11: cbdhsvc_10cd5a | B11: Serviþo de Usußrio da ┴rea de TransferÛncia_10cd5a | C11: Running
A12: cbdhsvc_14a94b14 | B12: Serviþo de Usußrio da ┴rea de TransferÛncia_14a94b14 | C12: Running
... A147: wuauserv | B147: Windows Update | C147: Running

Sheet multi.conf
A1: ORCLDISKACFS0 | B1: 36000d3100061a20000000000000000bf | C1: =VLOOKUP(A:A,'comando mult'!A:B,2,0) -> 36000d3100061a20000000000000000bf | D1: =C1=B1 -> TRUE
A2: ORCLDISKACFS1 | B2: 36000d3100061a20000000000000000c0 | C2: =VLOOKUP(A:A,'comando mult'!A:B,2,0) -> 36000d3100061a20000000000000000c0 | D2: =C2=B2 -> TRUE
A3: ORCLDISKACFS10 | B3: 36000d3100061a2000000000000000160 | C3: =VLOOKUP(A:A,'comando mult'!A:B,2,0) -> 36000d3100061a2000000000000000160 | D3: =C3=B3 -> TRUE
A4: ORCLDISKACFS11 | B4: 36000d3100061a2000000000000000161 | C4: =VLOOKUP(A:A,'comando mult'!A:B,2,0) -> 36000d3100061a2000000000000000161 | D4: =C4=B4 -> TRUE
A5: ORCLDISKACFS12 | B5: 36000d3100061a2000000000000000162 | C5: =VLOOKUP(A:A,'comando mult'!A:B,2,0) -> 36000d3100061a2000000000000000162 | D5: =C5=B5 -> TRUE
A6: ORCLDISKACFS13 | B6: 36000d3100061a2000000000000000163 | C6: =VLOOKUP(A:A,'comando mult'!A:B,2,0) -> 36000d3100061a2000000000000000163 | D6: =C6=B6 -> TRUE
A7: ORCLDISKACFS14 | B7: 36000d3100061a2000000000000000164 | C7: =VLOOKUP(A:A,'comando mult'!A:B,2,0) -> 36000d3100061a2000000000000000164 | D7: =C7=B7 -> TRUE
A8: ORCLDISKACFS15 | B8: 36000d3100061a2000000000000000165 | C8: =VLOOKUP(A:A,'comando mult'!A:B,2,0) -> 36000d3100061a2000000000000000165 | D8: =C8=B8 -> TRUE
A9: ORCLDISKACFS2 | B9: 36000d3100061a20000000000000000c1 | C9: =VLOOKUP(A:A,'comando mult'!A:B,2,0) -> 36000d3100061a20000000000000000c1 | D9: =C9=B9 -> TRUE
A10: ORCLDISKACFS3 | B10: 36000d3100061a200000000000000010f | C10: =VLOOKUP(A:A,'comando mult'!A:B,2,0) -> 36000d3100061a200000000000000010f | D10: =C10=B10 -> TRUE
A11: ORCLDISKACFS4 | B11: 36000d3100061a2000000000000000131 | C11: =VLOOKUP(A:A,'comando mult'!A:B,2,0) -> 36000d3100061a2000000000000000131 | D11: =C11=B11 -> TRUE
A12: ORCLDISKACFS5 | B12: 36000d3100061a2000000000000000132 | C12: =VLOOKUP(A:A,'comando mult'!A:B,2,0) -> 36000d3100061a2000000000000000132 | D12: =C12=B12 -> TRUE
... A53: SAP_P_N_ORCLDISKDATA5 | B53: 36000d3100061a2000000000000000185 | C53: =VLOOKUP(A:A,'comando mult'!A:B,2,0) -> 36000d3100061a2000000000000000185 | D53: =C53=B53 -> TRUE
