Workbook

Sheet SOC CHeck
A1: Servidores de Produção | B1: IP | C1: Qualys | D1: Sentinel | E1: Elastic
A2: SPRDZBGRU01 | B2: 172.16.253.68 | C2: =VLOOKUP(A:A,Qualys!B:B,1,0) -> SPRDZBGRU01 | D2: =VLOOKUP(A:A,Sentinel!A:A,1,0) -> SPRDZBGRU01 | E2: =VLOOKUP(A:A,Elastic!A:A,1,0) -> sprdzbgru01
A3: SPRDZBGRU02 | B3: 172.16.253.69 | C3: =VLOOKUP(A:A,Qualys!B:B,1,0) -> SPRDZBGRU02 | D3: =VLOOKUP(A:A,Sentinel!A:A,1,0) -> SPRDZBGRU02 | E3: =VLOOKUP(A:A,Elastic!A:A,1,0) -> sprdzbgru02
A4: SPRDZBGRU03 | B4: 172.16.253.70 | C4: =VLOOKUP(A:A,Qualys!B:B,1,0) -> SPRDZBGRU03 | D4: =VLOOKUP(A:A,Sentinel!A:A,1,0) -> SPRDZBGRU03 | E4: =VLOOKUP(A:A,Elastic!A:A,1,0) -> sprdzbgru03
A5: SPRDZBGRU04 | B5: 172.16.253.71 | C5: =VLOOKUP(A:A,Qualys!B:B,1,0) -> SPRDZBGRU04 | D5: =VLOOKUP(A:A,Sentinel!A:A,1,0) -> SPRDZBGRU04 | E5: =VLOOKUP(A:A,Elastic!A:A,1,0) -> sprdzbgru04
A6: SPRDZBGRU05 | B6: 172.16.253.72 | C6: =VLOOKUP(A:A,Qualys!B:B,1,0) -> SPRDZBGRU05 | D6: =VLOOKUP(A:A,Sentinel!A:A,1,0) -> SPRDZBGRU05 | E6: =VLOOKUP(A:A,Elastic!A:A,1,0) -> sprdzbgru05
A7: SPRDAPGFNGRU02 | B7: 172.16.253.82 | C7: =VLOOKUP(A:A,Qualys!B:B,1,0) -> sprdapgfngru02 | D7: =VLOOKUP(A:A,Sentinel!A:A,1,0) -> sprdapgfngru02 | E7: =VLOOKUP(A:A,Elastic!A:A,1,0) -> #N/A
A8: SPRDAPZBPXGRU01 | B8: 172.16.253.84 | C8: =VLOOKUP(A:A,Qualys!B:B,1,0) -> sprdapzbpxgru01 | D8: =VLOOKUP(A:A,Sentinel!A:A,1,0) -> sprdapzbpxgru01 | E8: =VLOOKUP(A:A,Elastic!A:A,1,0) -> sprdapzbpxgru01
A9: SPRDAPZABGRU02 | B9: 172.16.253.88 | C9: =VLOOKUP(A:A,Qualys!B:B,1,0) -> sprdapzabgru02 | D9: =VLOOKUP(A:A,Sentinel!A:A,1,0) -> sprdapzabgru02 | E9: =VLOOKUP(A:A,Elastic!A:A,1,0) -> #N/A
A10: SPRDAPOCSGRU01 | B10: 172.16.253.89 | C10: =VLOOKUP(A:A,Qualys!B:B,1,0) -> SPRDAPOCSGRU01 | D10: =VLOOKUP(A:A,Sentinel!A:A,1,0) -> SPRDAPOCSGRU01 | E10: =VLOOKUP(A:A,Elastic!A:A,1,0) -> SPRDAPOCSGRU01
A11: SPRDMYSQLGRU02 | B11: 172.16.253.90 | C11: =VLOOKUP(A:A,Qualys!B:B,1,0) -> SPRDMYSQLGRU02 | D11: =VLOOKUP(A:A,Sentinel!A:A,1,0) -> SPRDMYSQLGRU02 | E11: =VLOOKUP(A:A,Elastic!A:A,1,0) -> SPRDMYSQLGRU02
A12: SPRDAPZBPXGRU02 | B12: 172.16.253.91 | C12: =VLOOKUP(A:A,Qualys!B:B,1,0) -> sprdapzbpxgru02 | D12: =VLOOKUP(A:A,Sentinel!A:A,1,0) -> sprdapzbpxgru02 | E12: =VLOOKUP(A:A,Elastic!A:A,1,0) -> #N/A
A13: SPRDNTDGRU03 | B13: 172.16.253.92 | C13: =VLOOKUP(A:A,Qualys!B:B,1,0) -> SPRDNTDGRU03 | D13: =VLOOKUP(A:A,Sentinel!A:A,1,0) -> SPRDNTDGRU03 | E13: =VLOOKUP(A:A,Elastic!A:A,1,0) -> SPRDNTDGRU03
... A21: SPRDAPSMGRU02 | B21: 172.31.49.147 | C21: =VLOOKUP(A:A,Qualys!B:B,1,0) -> sprdapsmgru02 | D21: =VLOOKUP(A:A,Sentinel!A:A,1,0) -> sprdapsmgru02 | E21: =VLOOKUP(A:A,Elastic!A:A,1,0) -> sprdapsmgru02
A22: SPRDBDORAGRU09 | B22: 172.31.49.150 | C22: spbdoragru09 | D22: spbdoragru09 | E22: spbdoragru09
A23: SPRDAPECGRU01 | B23: 172.31.49.152 | C23: =VLOOKUP(A:A,Qualys!B:B,1,0) -> sprdapecgru01 | D23: =VLOOKUP(A:A,Sentinel!A:A,1,0) -> sprdapecgru01 | E23: =VLOOKUP(A:A,Elastic!A:A,1,0) -> sprdapecgru01
A24: SPRDAPECGRU02 | B24: 172.31.49.153 | C24: =VLOOKUP(A:A,Qualys!B:B,1,0) -> sprdapecgru02 | D24: =VLOOKUP(A:A,Sentinel!A:A,1,0) -> sprdapecgru02 | E24: =VLOOKUP(A:A,Elastic!A:A,1,0) -> sprdapecgru02
A25: SPRDAPECGRU03 | B25: 172.31.49.154 | C25: =VLOOKUP(A:A,Qualys!B:B,1,0) -> sprdapecgru03 | D25: =VLOOKUP(A:A,Sentinel!A:A,1,0) -> sprdapecgru03 | E25: =VLOOKUP(A:A,Elastic!A:A,1,0) -> sprdapecgru03
A26: SPRDAPPIGRU01 | B26: 172.31.49.155 | C26: =VLOOKUP(A:A,Qualys!B:B,1,0) -> sprdappigru01 | D26: =VLOOKUP(A:A,Sentinel!A:A,1,0) -> sprdappigru01 | E26: =VLOOKUP(A:A,Elastic!A:A,1,0) -> sprdappigru01
A27: SPRDAPBIGRU01 | B27: 172.31.49.156 | C27: =VLOOKUP(A:A,Qualys!B:B,1,0) -> sprdapbigru01 | D27: =VLOOKUP(A:A,Sentinel!A:A,1,0) -> sprdapbigru01 | E27: =VLOOKUP(A:A,Elastic!A:A,1,0) -> sprdapbigru01
A28: SPRDBDOTRSGRU01 | B28: 172.31.49.16 | C28: =VLOOKUP(A:A,Qualys!B:B,1,0) -> SPRDBDOTRSGRU01 | D28: =VLOOKUP(A:A,Sentinel!A:A,1,0) -> SPRDBDOTRSGRU01 | E28: =VLOOKUP(A:A,Elastic!A:A,1,0) -> SPRDBDOTRSGRU01
A29: SPRDBDORAGRU11 | B29: 172.31.49.163 | C29: spbdoragru11 | D29: spbdoragru11 | E29: spbdoragru11
A30: SPRDAPECGRU04 | B30: 172.31.49.165 | C30: =VLOOKUP(A:A,Qualys!B:B,1,0) -> sprdapecgru04 | D30: =VLOOKUP(A:A,Sentinel!A:A,1,0) -> sprdapecgru04 | E30: =VLOOKUP(A:A,Elastic!A:A,1,0) -> sprdapecgru04
A31: SPRDAPECGRU05 | B31: 172.31.49.166 | C31: =VLOOKUP(A:A,Qualys!B:B,1,0) -> sprdapecgru05 | D31: =VLOOKUP(A:A,Sentinel!A:A,1,0) -> sprdapecgru05 | E31: =VLOOKUP(A:A,Elastic!A:A,1,0) -> sprdapecgru05
A32: SPRDAPECGRU06 | B32: 172.31.49.167 | C32: =VLOOKUP(A:A,Qualys!B:B,1,0) -> sprdapecgru06 | D32: =VLOOKUP(A:A,Sentinel!A:A,1,0) -> sprdapecgru06 | E32: =VLOOKUP(A:A,Elastic!A:A,1,0) -> sprdapecgru06
A33: SPRDAPPIGRU02 | B33: 172.31.49.168 | C33: =VLOOKUP(A:A,Qualys!B:B,1,0) -> sprdappigru02 | D33: =VLOOKUP(A:A,Sentinel!A:A,1,0) -> sprdappigru02 | E33: =VLOOKUP(A:A,Elastic!A:A,1,0) -> sprdappigru02
A34: SPRDAPBIGRU02 | B34: 172.31.49.169 | C34: =VLOOKUP(A:A,Qualys!B:B,1,0) -> sprdapbigru02 | D34: =VLOOKUP(A:A,Sentinel!A:A,1,0) -> sprdapbigru02 | E34: =VLOOKUP(A:A,Elastic!A:A,1,0) -> #N/A
A35: SPRDAPSSHGRU01 | B35: 172.31.49.176 | C35: =VLOOKUP(A:A,Qualys!B:B,1,0) -> SPRDAPSSHGRU01 | D35: =VLOOKUP(A:A,Sentinel!A:A,1,0) -> SPRDAPSSHGRU01 | E35: =VLOOKUP(A:A,Elastic!A:A,1,0) -> SPRDAPSSHGRU01
A36: SPRDAPCMSGRU08 | B36: 172.31.49.199 | C36: =VLOOKUP(A:A,Qualys!B:B,1,0) -> SPRDAPCMSGRU08 | D36: =VLOOKUP(A:A,Sentinel!A:A,1,0) -> SPRDAPCMSGRU08 | E36: =VLOOKUP(A:A,Elastic!A:A,1,0) -> SPRDAPCMSGRU08
A37: SPRDSAPNASGRU01 | B37: 172.31.49.202 | C37: =VLOOKUP(A:A,Qualys!B:B,1,0) -> sprdsapnasgru01 | D37: =VLOOKUP(A:A,Sentinel!A:A,1,0) -> sprdsapnasgru01 | E37: =VLOOKUP(A:A,Elastic!A:A,1,0) -> sprdsapnasgru01
A38: SPRDAPCUPSGRU03 | B38: 172.31.49.208 | C38: =VLOOKUP(A:A,Qualys!B:B,1,0) -> SPRDAPCUPSGRU03 | D38: =VLOOKUP(A:A,Sentinel!A:A,1,0) -> SPRDAPCUPSGRU03 | E38: =VLOOKUP(A:A,Elastic!A:A,1,0) -> SPRDAPCUPSGRU03
A39: SPRDAPCUPSGRU04 | B39: 172.31.49.209 | C39: =VLOOKUP(A:A,Qualys!B:B,1,0) -> SPRDAPCUPSGRU04 | D39: =VLOOKUP(A:A,Sentinel!A:A,1,0) -> SPRDAPCUPSGRU04 | E39: =VLOOKUP(A:A,Elastic!A:A,1,0) -> SPRDAPCUPSGRU04
A40: SPRDAPNBKGRU01 | B40: 172.31.49.210 | C40: =VLOOKUP(A:A,Qualys!B:B,1,0) -> sprdapnbkgru01 | D40: =VLOOKUP(A:A,Sentinel!A:A,1,0) -> sprdapnbkgru01 | E40: =VLOOKUP(A:A,Elastic!A:A,1,0) -> sprdapnbkgru01
A41: SPRDAPLOGSGRU01 | B41: 172.31.49.221 | C41: =VLOOKUP(A:A,Qualys!B:B,1,0) -> SPRDAPLOGSGRU01 | D41: =VLOOKUP(A:A,Sentinel!A:A,1,0) -> SPRDAPLOGSGRU01 | E41: =VLOOKUP(A:A,Elastic!A:A,1,0) -> SPRDAPLOGSGRU01
... A82: SPRDAPRPGRU12 | B82: 192.168.0.60 | C82: =VLOOKUP(A:A,Qualys!B:B,1,0) -> SPRDAPRPGRU12 | D82: =VLOOKUP(A:A,Sentinel!A:A,1,0) -> SPRDAPRPGRU12 | E82: =VLOOKUP(A:A,Elastic!A:A,1,0) -> SPRDAPRPGRU12
A83: SPRDBDDACGRU01 | B83: 192.168.40.134 | C83: =VLOOKUP(A:A,Qualys!B:B,1,0) -> SPRDBDDACGRU01 | D83: dacdb-gru | E83: =VLOOKUP(A:A,Elastic!A:A,1,0) -> #N/A
A84: SPRDAPDIPGRU01 | B84: 192.168.40.136 | C84: =VLOOKUP(A:A,Qualys!B:B,1,0) -> SPRDAPDIPGRU01 | D84: =VLOOKUP(A:A,Sentinel!A:A,1,0) -> SPRDAPDIPGRU01 | E84: =VLOOKUP(A:A,Elastic!A:A,1,0) -> #N/A
A86: Nome Diferente
A87: Corrigido
A88: Impossivel Corrigir

Sheet Qualys
A1: Asset Id | B1: Asset Name | C1: Host Id | D1: Netbios Name | E1: Mac Address | F1: IPV4 Addresses | G1: IPV6 Addresses | H1: Operating System Category | I1: OS | J1: Operating System Version | K1: Operating System Lifecycle Stage | L1: Hardware Category | M1: Hardware Name | N1: Hardware Lifecycle Stage | O1: CPU Count | P1: CPU Speed (mhz) | Q1: CPU Description | R1: Total Memory (mb) | S1: Bios Description | T1: Bios Serial Number | U1: Bios Asset Tag | V1: Time Zone | W1: Last System Boot | X1: Last Logged-In User | Y1: Inventory Source | Z1: Agent Id | AA1: Inventory Last Updated On | AB1: Architecture | AC1: Modules | AD1: Sources | AE1: Criticality Score | AF1: TruRisk Score | AG1: Hardware Uuid | AH1: Activity | AI1: Tags
A2: 85888236 | B2: SPRDZBGRU03 | C2: 21733190 | D2: '- | E2: 00:50:56:92:97:71,00:50:56:92:97:71 | F2: 172.16.253.70 | G2: fe80:0:0:0:250:56ff:fe92:9771 | H2: Linux / Unidentified | I2: Canonical Ubuntu Noble Numbat 24.04 LTS 24.04.1 LTS | J2: 24.04 LTS | K2: GA | L2: Virtualized / Virtual Machine | M2: VMware VMware Virtual Platform VMware Virtual Platform | N2: Unknown | O2: 10 | P2: 2600 | Q2: Intel(R) Xeon(R) Gold 6348 CPU @ 2.60GHz | R2: 34017 | S2: VMware, Inc. VMW201.00V.20829224.B64.2211211842 11/21/2022 | T2: VMware-42 12 a2 9f 50 59 37 c0-47 f9 0d 08 bd 0e f1 f9 | U2: No Asset Tag | V2: '-03:00 | W2: Aug 9, 2024 | X2: root | Y2: QAGENT | Z2: 4707d078-f2d3-4855-96cd-2db94e8ffc2f | AA2: Jan 31, 2025 | AB2: x86_64 | AC2: VM,SCA,PM | AD2: Cloud Agent | AE2: 4 | AF2: 475 | AG2: 9fa21242-5950-c037-47f9-0d08bd0ef1f9 | AH2: Jan 31, 2025 | AI2: Cloud Agent,GRU_ACN_4-Perigoso,GRU-GERAL,GRU_CAT_ACN-INFRACRITICA
A3: 21366253 | B3: SPRDAPRMAGRU04 | C3: 7550466 | D3: '- | E3: 00:50:56:92:ec:09,00:50:56:92:ec:09 | F3: 192.168.0.36 | G3: fe80:0:0:0:250:56ff:fe92:ec09 | H3: Linux / Unidentified | I3: Canonical Ubuntu Focal Fossa 20.04 LTS 20.04.1 LTS | J3: 20.04 LTS | K3: GA | L3: Virtualized / Virtual Machine | M3: VMware VMware Virtual Platform VMware Virtual Platform | N3: Unknown | O3: 2 | P3: 2600 | Q3: Intel(R) Xeon(R) Gold 6348 CPU @ 2.60GHz | R3: 3888 | S3: Phoenix Technologies LTD 6.00 11/12/2020 | T3: VMware-42 12 b7 1c b1 6d 7f e9-03 7b 03 22 1c 68 18 d1 | U3: No Asset Tag | V3: '-03:00 | W3: Jul 2, 2024 | X3: root | Y3: QAGENT | Z3: b6661280-51e6-48fb-9998-34e9cf460fa9 | AA3: Jan 31, 2025 | AB3: x86_64 | AC3: VM,SCA,PM | AD3: Cloud Agent | AE3: 3 | AF3: 366 | AG3: 1cb71242-6db1-e97f-037b-03221c6818d1 | AH3: Jan 31, 2025 | AI3: Cloud Agent,GRU_ACN_3-Maior,GRU-GERAL,GRU_CAT_ACN-AMS
A4: 95867240 | B4: sprdapecgru02 | C4: 24677781 | D4: '- | E4: 54:9f:35:73:0b:88,54:9f:35:73:0b:88 | F4: 172.31.49.153 | G4: fe80:0:0:0:569f:35ff:fe73:b88 | H4: Linux / Server | I4: Red Hat Enterprise Linux Server 6 6.6 | J4: 6.6 | K4: EOL/EOS | L4: Computers / Server | M4: Dell PowerEdge M620 | N4: EOS | O4: 24 | P4: 2100 | Q4: Intel(R) Xeon(R) CPU E5-2620 v2 @ 2.10GHz | R4: 32062 | S4: Dell Inc. 2.4.3 07/02/2014 | T4: FM22012 | U4: '- | V4: '-03:00 | W4: Jan 22, 2025 | X4: root | Y4: QAGENT | Z4: d46e9433-918b-4166-8027-117c777b2d9d | AA4: Jan 31, 2025 | AB4: x86_64 | AC4: VM,SCA,PM | AD4: Cloud Agent | AE4: 5 | AF4: 880 | AG4: 44454c4c-4d00-1032-8032-c6c04f303132 | AH4: Jan 31, 2025 | AI4: Cloud Agent,GRU_ACN_5-Catastrofico,GRU-GERAL,GRU_CAT_ACN-SAP
A5: 56154521 | B5: SHOMWBCMSGRU01 | C5: 13487063 | D5: '- | E5: 00:50:56:b6:da:65,52:54:00:00:5c:5b,00:50:56:b6:da:65 | F5: 172.31.52.32,192.168.122.1 | G5: fe80:0:0:0:250:56ff:feb6:da65 | H5: Linux / Server | I5: Red Hat Enterprise Linux 8 8.10 | J5: 8.10 | K5: GA | L5: Virtualized / Virtual Machine | M5: VMware VMware Virtual Platform VMware Virtual Platform | N5: Unknown | O5: 4 | P5: 2400 | Q5: Intel(R) Xeon(R) CPU E5-4640 0 @ 2.40GHz | R5: 17745 | S5: Phoenix Technologies LTD 6.00 12/12/2018 | T5: VMware-42 36 44 d9 d8 f4 73 25-da 4f 54 90 4c 38 e6 e9 | U5: No Asset Tag | V5: '-03:00 | W5: Oct 3, 2024 | X5: root | Y5: QAGENT | Z5: b66f361f-2c13-4eaa-b093-75e09e3a4cb7 | AA5: Jan 31, 2025 | AB5: x86_64 | AC5: VM,SCA,PM | AD5: Cloud Agent | AE5: 1 | AF5: 169 | AG5: d9443642-f4d8-2573-da4f-54904c38e6e9 | AH5: Jan 31, 2025 | AI5: Cloud Agent,GRU-GERAL,GRU-CAT-Servidores
A6: 24112996 | B6: sprdapcmsgru02 | C6: 7852074 | D6: '- | E6: b8:ca:3a:33:8e:c2 | F6: 172.31.49.87 | H6: Linux / Server | I6: Red Hat Enterprise Linux Server 6 6.10 | J6: 6.10 | K6: EOL/EOS | L6: Computers / Server | M6: Dell PowerEdge M820 | N6: EOS | O6: 32 | P6: 2400 | Q6: Intel(R) Xeon(R) CPU E5-4640 0 @ 2.40GHz | R6: 129006 | S6: Dell Inc. 2.3.3 01/27/2016 | T6: 8LPNKZ1 | U6: '- | V6: '-03:00 | W6: Aug 11, 2023 | X6: root | Y6: QAGENT | Z6: 67b92f6a-e0b4-4212-b284-8fc3eac50bb9 | AA6: Jan 31, 2025 | AB6: x86_64 | AC6: VM,SCA,PM | AD6: Cloud Agent | AE6: 1 | AF6: 173 | AG6: 44454c4c-4c00-1050-804e-b8c04f4b5a31 | AH6: Jan 31, 2025 | AI6: Cloud Agent,GRU-GERAL,GRU-CAT-Servidores
A7: 24268668 | B7: SDESAPNWGRU01 | C7: 7880078 | D7: '- | E7: 00:50:56:9d:65:56,00:50:56:9d:65:56 | F7: 172.31.52.122 | G7: fe80:0:0:0:250:56ff:fe9d:6556 | H7: Linux / Server | I7: Red Hat Enterprise Linux Server 6 6.5 | J7: 6.5 | K7: EOL/EOS | L7: Virtualized / Virtual Machine | M7: VMware VMware Virtual Platform VMware Virtual Platform | N7: Unknown | O7: 4 | P7: 2400 | Q7: Intel(R) Xeon(R) CPU E5-4640 0 @ 2.40GHz | R7: 32097 | S7: Phoenix Technologies LTD 6.00 12/12/2018 | T7: VMware-42 1d 68 2c 2b 6e 05 ce-13 5c 41 ac 6a 94 ca de | U7: No Asset Tag | V7: '-03:00 | W7: Aug 29, 2024 | X7: root | Y7: QAGENT | Z7: e93b2bbc-e6a4-4210-aa29-90156171e746 | AA7: Jan 31, 2025 | AB7: x86_64 | AC7: VM,SCA,PM | AD7: Cloud Agent | AE7: 1 | AF7: 174 | AG7: 421d682c-2b6e-05ce-135c-41ac6a94cade | AH7: Jan 31, 2025 | AI7: Cloud Agent,GRU-GERAL,GRU-CAT-Servidores
A8: 105340447 | B8: SHOMRMAGRU01 | C8: 27089989 | D8: '- | E8: 00:50:56:8a:d4:0b,00:50:56:8a:d4:0b | F8: 10.36.52.18 | G8: fe80:0:0:0:250:56ff:fe8a:d40b | H8: Linux / Unidentified | I8: Canonical Ubuntu Jammy Jellyfish 22.04 LTS 22.04.5 LTS | J8: 22.04 LTS | K8: GA | L8: Virtualized / Virtual Machine | M8: VMware VMware Virtual Platform VMware Virtual Platform | N8: Unknown | O8: 4 | P8: 2100 | Q8: Intel(R) Xeon(R) CPU E5-2620 v2 @ 2.10GHz | R8: 7901 | S8: Phoenix Technologies LTD 6.00 09/19/2018 | T8: VMware-42 0a 2f 8e a1 25 f8 33-8e cd a6 e6 8b ba 82 bb | U8: No Asset Tag | V8: '-03:00 | W8: Jul 31, 2024 | X8: root | Y8: QAGENT | Z8: 5e7f6cba-a327-4801-aa9e-e565a988ad05 | AA8: Jan 31, 2025 | AB8: x86_64 | AC8: VM,SCA,PM | AD8: Cloud Agent | AE8: 1 | AF8: 124 | AG8: 8e2f0a42-25a1-33f8-8ecd-a6e68bba82bb | AH8: Jan 31, 2025 | AI8: Cloud Agent,GRU-GERAL,GRU-CAT-Servidores
A9: 112853995 | B9: spbdoragru11 | C9: 29078941 | D9: '- | E9: 54:9f:35:71:da:ac,54:9f:35:71:da:ac,54:9f:35:71:d9:2e,54:9f:35:71:d9:2e,54:9f:35:71:d9:2e,54:9f:35:71:d9:2e,54:9f:35:71:da:ac | F9: 10.1.1.58,169.254.223.104,172.31.49.163,172.31.49.190,172.31.49.191 | G9: fe80:0:0:0:569f:35ff:fe71:d92e,fe80:0:0:0:569f:35ff:fe71:daac | H9: Linux / Server | I9: Red Hat Enterprise Linux Server 6 6.6 | J9: 6.6 | K9: EOL/EOS | L9: Computers / Server | M9: Dell PowerEdge M620 | N9: EOS | O9: 40 | P9: 2200 | Q9: Intel(R) Xeon(R) CPU E5-2660 v2 @ 2.20GHz | R9: 258302 | S9: Dell Inc. 2.4.3 07/02/2014 | T9: HM27012 | U9: '- | V9: '-03:00 | W9: Sep 1, 2024 | X9: root | Y9: QAGENT | Z9: 27204092-1690-4ae1-a2b3-9c5c20794307 | AA9: Jan 31, 2025 | AB9: x86_64 | AC9: VM,SCA,PM | AD9: Cloud Agent | AE9: 4 | AF9: 703 | AG9: 44454c4c-4d00-1032-8037-c8c04f303132 | AH9: Jan 31, 2025 | AI9: Cloud Agent,GRU_ACN_4-Perigoso,GRU-GERAL,GRU_CAT_ACN-SAP
A10: 109170828 | B10: SPRDAPAUDGRU01 | C10: 28063260 | D10: SPRDAPAUDGRU01 | E10: 00:50:56:A3:6F:36 | F10: 172.31.57.69 | H10: Windows / Server | I10: Microsoft Windows Server 2019 Datacenter 1809 Build 17763.6293 64-Bit | J10: 1809 | K10: EOL | L10: Virtualized / Virtual Machine | M10: VMware VMware Virtual Platform VMware Virtual Platform | N10: Unknown | O10: 8 | P10: 2594 | Q10: Intel(R) Xeon(R) Gold 6348 CPU @ 2.60GHz | R10: 20479 | S10: Phoenix Technologies LTD 6.00 | T10: VMware-42 23 1e 3c d8 9f 8c 7d-b5 49 3f db 4d e2 cb a2 | U10: NoAssetTag | V10: '-03:00 | W10: Jan 17, 2025 | X10: alpha | Y10: QAGENT | Z10: 621d7ba9-09cf-4584-99ea-a5a0143a7c6f | AA10: Jan 31, 2025 | AB10: 64-bit | AC10: VM,SCA,PM | AD10: Cloud Agent | AE10: 1 | AF10: 172 | AG10: 3C1E2342-9FD8-7D8C-B549-3FDB4DE2CBA2 | AH10: Jan 31, 2025 | AI10: Cloud Agent,GRU-GERAL,GRU-CAT-Servidores
A11: 96989672 | B11: SPRDAPCUPSGRU03 | C11: 24900872 | D11: '- | E11: 00:50:56:a3:5a:db | F11: 172.31.49.208 | H11: Linux / Server | I11: Red Hat Enterprise Linux 9 9.5 | J11: 9.5 | K11: GA | L11: Virtualized / Virtual Machine | M11: VMware VMware Virtual Platform VMware Virtual Platform | N11: Unknown | O11: 4 | P11: 2600 | Q11: Intel(R) Xeon(R) Gold 6348 CPU @ 2.60GHz | R11: 5635 | S11: VMware, Inc. VMW201.00V.20829224.B64.2211211842 11/21/2022 | T11: VMware-42 23 b3 55 a2 22 50 fc-6d 17 07 a2 56 63 a6 f4 | U11: No Asset Tag | V11: '-03:00 | W11: Dec 25, 2024 | X11: sysgru | Y11: QAGENT | Z11: 2f5380fa-6e49-48c6-8741-8ee016e20073 | AA11: Jan 31, 2025 | AB11: x86_64 | AC11: VM,SCA,PM | AD11: Cloud Agent | AE11: 5 | AF11: 34 | AG11: 55b32342-22a2-fc50-6d17-07a25663a6f4 | AH11: Jan 31, 2025 | AI11: Cloud Agent,GRU_ACN_5-Catastrofico,GRU-GERAL,GRU_CAT_ACN-CMS
A12: 114356548 | B12: SPRDAPOCSGRU01 | C12: 29394703 | D12: '- | E12: 00:50:56:9d:1a:13,00:50:56:9d:1a:13 | F12: 172.16.253.89 | G12: fe80:0:0:0:250:56ff:fe9d:1a13 | H12: Linux / Server | I12: Debian Project Debian Buster 10.13 | J12: 10.13 | K12: EOL/EOS | L12: Virtualized / Virtual Machine | M12: VMware VMware Virtual Platform VMware Virtual Platform | N12: Unknown | O12: 4 | P12: 2400 | Q12: Intel(R) Xeon(R) CPU E5-4640 0 @ 2.40GHz | R12: 7978 | S12: Phoenix Technologies LTD 6.00 12/12/2018 | T12: VMware-42 1d 42 cd c3 6d 55 4f-90 63 2f 10 9a ad c3 8a | U12: No Asset Tag | V12: '-03:00 | W12: Nov 13, 2024 | X12: sysgru | Y12: QAGENT | Z12: 0c0abaf4-80a6-4299-82de-332bd46f9992 | AA12: Jan 31, 2025 | AB12: x86_64 | AC12: VM,SCA,PM | AD12: Cloud Agent | AE12: 1 | AF12: 71 | AG12: cd421d42-6dc3-4f55-9063-2f109aadc38a | AH12: Jan 31, 2025 | AI12: Cloud Agent,GRU-GERAL,GRU-CAT-Servidores
A13: 20891478 | B13: sprdbdoragru04 | C13: 7478080 | D13: '- | E13: b8:ca:3a:33:8e:a8,b8:ca:3a:33:8e:a8,b8:ca:3a:33:8e:a8,b8:ca:3a:33:8e:a8,b8:ca:3a:33:8e:a8,b8:ca:3a:33:8e:a8 | F13: 10.1.1.17,169.254.249.133,172.31.49.91,172.31.49.141,172.31.49.145 | G13: fe80:0:0:0:baca:3aff:fe33:8ea8 | H13: Linux / Server | I13: Red Hat Enterprise Linux Server 6 6.10 | J13: 6.10 | K13: EOL/EOS | L13: Computers / Server | M13: Dell PowerEdge M820 | N13: EOS | O13: 32 | P13: 2400 | Q13: Intel(R) Xeon(R) CPU E5-4640 0 @ 2.40GHz | R13: 258423 | S13: Dell Inc. 2.2.2 07/02/2014 | T13: JHSR9X1 | U13: '- | V13: '-03:00 | W13: Dec 6, 2024 | X13: root | Y13: QAGENT | Z13: b5e5b4ac-2f9e-4336-b1cf-95477d2c27f4 | AA13: Jan 31, 2025 | AB13: x86_64 | AC13: VM,SCA,PM | AD13: Cloud Agent | AE13: 5 | AF13: 858 | AG13: 44454c4c-4800-1053-8052-cac04f395831 | AH13: Jan 31, 2025 | AI13: Cloud Agent,GRU_ACN_5-Catastrofico,GRU-GERAL,GRU_CAT_ACN-CMS
A14: 20890762 | B14: SPRDAPCCPRGRU02 | C14: 7477756 | D14: '- | E14: 00:50:56:92:3e:7f,52:54:00:9c:ff:62,00:50:56:92:3e:7f | F14: 172.31.49.139,192.168.122.1 | G14: fe80:0:0:0:250:56ff:fe92:3e7f | H14: Linux / Server | I14: Red Hat Enterprise Linux 8 8.8 | J14: 8.8 | K14: EOL | L14: Virtualized / Virtual Machine | M14: VMware VMware Virtual Platform VMware Virtual Platform | N14: Unknown | O14: 2 | P14: 2600 | Q14: Intel(R) Xeon(R) Gold 6348 CPU @ 2.60GHz | R14: 3634 | S14: Phoenix Technologies LTD 6.00 11/12/2020 | T14: VMware-42 12 8b b6 e3 6a 87 49-14 d7 d0 10 b3 c9 8a ca | U14: No Asset Tag | V14: '-03:00 | W14: Aug 9, 2024 | X14: root | Y14: QAGENT | Z14: f10fd344-5d8e-4a00-a536-1da519704e40 | AA14: Jan 31, 2025 | AB14: x86_64 | AC14: VM,SCA,PM | AD14: Cloud Agent | AE14: 5 | AF14: 848 | AG14: b68b1242-6ae3-4987-14d7-d010b3c98aca | AH14: Jan 31, 2025 | AI14: Cloud Agent,GRU_ACN_5-Catastrofico,GRU-GERAL,GRU_CAT_ACN-TARIFAGRU
A15: 118300643 | B15: sprdapzbpxgru02 | C15: 32350692 | D15: '- | E15: 00:50:56:b6:8e:0a,00:50:56:b6:4a:e2 | F15: 172.16.1.99,172.16.253.91 | H15: Linux / Unidentified | I15: Canonical Ubuntu Focal Fossa 20.04 LTS 20.04.6 LTS | J15: 20.04 LTS | K15: GA | L15: Virtualized / Virtual Machine | M15: VMware VMware Virtual Platform VMware Virtual Platform | N15: Unknown | O15: 2 | P15: 2400 | Q15: Intel(R) Xeon(R) CPU E5-4640 0 @ 2.40GHz | R15: 3889 | S15: Phoenix Technologies LTD 6.00 12/12/2018 | T15: VMware-42 36 b4 8e b6 59 b1 dc-9c d7 e4 c9 80 d6 96 6b | U15: No Asset Tag | V15: '-03:00 | W15: Aug 23, 2023 | X15: sysgru | Y15: QAGENT | Z15: faf60259-a9dd-475f-a140-ebdd2171d3fe | AA15: Jan 31, 2025 | AB15: x86_64 | AC15: VM,SCA,PM | AD15: Cloud Agent | AE15: 1 | AF15: 121 | AG15: 8eb43642-59b6-dcb1-9cd7-e4c980d6966b | AH15: Jan 31, 2025 | AI15: Cloud Agent,GRU-GERAL,GRU-CAT-Servidores
A16: 20192421 | B16: SAD2-GRU | C16: 7377597 | D16: SAD2-GRU | E16: 9A:B2:5B:E1:9F:35,9A:B2:5B:E1:9F:35 | F16: 172.31.50.21 | G16: fe80:0:0:0:df9:ac18:e17c:6e7d | H16: Windows / Server | I16: Microsoft Windows Server 2008 R2 Standard 6.1 SP1 Build 7601.24559 | J16: 6.1 | K16: EOL/EOS | L16: Virtualized / Virtual Machine | M16: VMware VMware Virtual Platform VMware Virtual Platform | N16: Unknown | O16: 4 | P16: 2593 | Q16: Intel(R) Xeon(R) Gold 6348 CPU @ 2.60GHz | R16: 10239 | S16: Phoenix Technologies LTD 6.00 | T16: VMware-42 23 84 96 0a c8 5f 48-e8 17 87 a6 b4 b3 1b a5 | U16: NoAssetTag | V16: '-03:00 | W16: Dec 20, 2024 | X16: GRU\sistemas.gru | Y16: QAGENT | Z16: 227465a7-c1fd-4eb8-a30b-f53b35c13485 | AA16: Jan 31, 2025 | AB16: 64-bit | AC16: VM,SCA,PM | AD16: Cloud Agent | AE16: 5 | AF16: 875 | AG16: 96842342-C80A-485F-E817-87A6B4B31BA5 | AH16: Jan 31, 2025 | AI16: Cloud Agent,GRU_ACN_5-Catastrofico,GRU-GERAL,GRU_CAT_ACN-INFRACRITICA
A17: 20893218 | B17: sprdbdoragru05 | C17: 7478657 | D17: '- | E17: b8:ca:3a:35:19:e8,b8:ca:3a:35:19:e8,b8:ca:3a:35:19:e8,b8:ca:3a:35:19:e8,b8:ca:3a:35:19:e8,b8:ca:3a:35:19:e8,b8:ca:3a:35:19:e8 | F17: 10.1.1.18,169.254.196.231,172.31.49.92,172.31.49.142,172.31.49.143,172.31.49.144 | G17: fe80:0:0:0:baca:3aff:fe35:19e8 | H17: Linux / Server | I17: Red Hat Enterprise Linux Server 6 6.10 | J17: 6.10 | K17: EOL/EOS | L17: Computers / Server | M17: Dell PowerEdge M820 | N17: EOS | O17: 32 | P17: 2400 | Q17: Intel(R) Xeon(R) CPU E5-4640 0 @ 2.40GHz | R17: 258278 | S17: Dell Inc. 2.0.24 01/21/2014 | T17: 267GY12 | U17: '- | V17: '-03:00 | W17: Nov 17, 2023 | X17: oracle | Y17: QAGENT | Z17: f42786ee-6db5-49a4-bfac-ece221d27a0b | AA17: Jan 31, 2025 | AB17: x86_64 | AC17: VM,SCA,PM | AD17: Cloud Agent | AE17: 5 | AF17: 861 | AG17: 44454c4c-3600-1037-8047-b2c04f593132 | AH17: Jan 31, 2025 | AI17: Cloud Agent,GRU_ACN_5-Catastrofico,GRU-GERAL,GRU_CAT_ACN-CMS
A18: 36002054 | B18: SPRDAPRPGRU08 | C18: 9898114 | D18: SPRDAPRPGRU08 | E18: 00:50:56:92:24:F1,00:50:56:92:24:F1 | F18: 192.168.1.87 | G18: fe80:0:0:0:d8d:81a6:f1e0:4b56 | H18: Windows / Server | I18: Microsoft Windows Server 2012 R2 Datacenter 6.3 Build 9600.19356 64-Bit | J18: 6.3 | K18: EOL/EOS | L18: Virtualized / Virtual Machine | M18: VMware VMware Virtual Platform VMware Virtual Platform | N18: Unknown | O18: 4 | P18: 2594 | Q18: Intel(R) Xeon(R) Gold 6348 CPU @ 2.60GHz | R18: 16383 | S18: Phoenix Technologies LTD 6.00 | T18: VMware-42 12 09 67 fe 2c 32 18-91 3f 27 60 53 4c 6a f8 | U18: NoAssetTag | V18: '-03:00 | W18: Jan 3, 2025 | X18: svc-rp | Y18: QAGENT | Z18: 0063da12-0910-43aa-a9de-5bf1394392e2 | AA18: Jan 31, 2025 | AB18: 64-bit | AC18: VM,SCA,PM | AD18: Cloud Agent | AE18: 3 | AF18: 524 | AG18: 67091242-2CFE-1832-913F-2760534C6AF8 | AH18: Jan 31, 2025 | AI18: Cloud Agent,GRU_ACN_3-Maior,GRU-GERAL,GRU_CAT_ACN-INFRACRITICA
A19: 25379848 | B19: SPRDAPCMSGRU08 | C19: 8140546 | D19: '- | E19: 54:9f:35:71:d9:da,54:9f:35:71:d9:d7,52:54:00:db:b5:83 | F19: 172.31.49.127,172.31.49.199,192.168.122.1 | H19: Linux / Server | I19: Red Hat Enterprise Linux 8 8.7 | J19: 8.7 | K19: EOL/EOS | L19: Computers / Server | M19: Dell PowerEdge M620 | N19: EOS | O19: 24 | P19: 2200 | Q19: Intel(R) Xeon(R) CPU E5-2660 v2 @ 2.20GHz | R19: 64092 | S19: Dell Inc. 2.9.0 01/08/2020 | T19: 7M24012 | U19: '- | V19: '-03:00 | W19: Apr 6, 2023 | X19: root | Y19: QAGENT | Z19: 8ca613b0-92c1-41be-a3d3-65a34f2f0054 | AA19: Jan 31, 2025 | AB19: x86_64 | AC19: VM,SCA,PM | AD19: Cloud Agent | AE19: 4 | AF19: 688 | AG19: 4c4c4544-004d-3210-8034-b7c04f303132 | AH19: Jan 31, 2025 | AI19: Cloud Agent,GRU_ACN_4-Perigoso,GRU-GERAL,GRU_CAT_ACN-CMS
A20: 57563324 | B20: sprdapprmgru01 | C20: 13633900 | D20: '- | E20: 00:50:56:b6:13:3d,00:50:56:b6:13:3d | F20: 172.31.50.167 | G20: fe80:0:0:0:250:56ff:feb6:133d | H20: Linux / Unidentified | I20: Canonical Ubuntu Jammy Jellyfish 22.04 LTS 22.04.4 LTS | J20: 22.04 LTS | K20: GA | L20: Virtualized / Virtual Machine | M20: VMware VMware Virtual Platform VMware Virtual Platform | N20: Unknown | O20: 2 | P20: 2400 | Q20: Intel(R) Xeon(R) CPU E5-4640 0 @ 2.40GHz | R20: 3876 | S20: Phoenix Technologies LTD 6.00 12/12/2018 | T20: VMware-42 36 91 4b 7a 2f ef 6d-58 45 0a ec 60 64 b1 85 | U20: No Asset Tag | V20: '-03:00 | W20: Mar 8, 2024 | X20: root | Y20: QAGENT | Z20: 9d300e92-9025-4d5c-bb45-692ba38b1201 | AA20: Jan 31, 2025 | AB20: x86_64 | AC20: VM,SCA,PM | AD20: Cloud Agent | AE20: 1 | AF20: 126 | AG20: 4b913642-2f7a-6def-5845-0aec6064b185 | AH20: Jan 31, 2025 | AI20: Cloud Agent,GRU-GERAL,GRU-CAT-Servidores
A21: 109876158 | B21: SENHASEGURA_ARBRITO | C21: 28361853 | D21: '- | E21: 02:42:07:84:4b:40,00:50:56:92:1d:56,00:50:56:92:1d:56 | F21: 172.17.0.1,172.31.46.24 | G21: fe80:0:0:0:e724:c925:2674:9f4f | H21: Linux / Server | I21: The CentOS Project CentOS 7 7.9 2009 | J21: 7.9 | K21: EOL/EOS | L21: Virtualized / Virtual Machine | M21: VMware VMware Virtual Platform VMware Virtual Platform | N21: Unknown | O21: 2 | P21: 2600 | Q21: Intel(R) Xeon(R) Gold 6348 CPU @ 2.60GHz | R21: 7802 | S21: Phoenix Technologies LTD 6.00 11/12/2020 | T21: VMware-42 12 a3 6a 45 fd a8 2d-84 47 c8 09 f8 9a 94 8a | U21: No Asset Tag | V21: '-03:00 | W21: Aug 13, 2024 | X21: root | Y21: QAGENT | Z21: 41d690ac-bd73-4ec3-94f0-4d362c362a0d | AA21: Jan 31, 2025 | AB21: x86_64 | AC21: VM,SCA,PM | AD21: Cloud Agent | AE21: 4 | AF21: 294 | AG21: 6aa31242-fd45-2da8-8447-c809f89a948a | AH21: Jan 31, 2025 | AI21: Cloud Agent,GRU_ACN_4-Perigoso,GRU-GERAL,GRU_CAT_ACN-INFRACRITICA
A22: 109197702 | B22: sprdapzbpxgru01 | C22: 28073442 | D22: '- | E22: 00:50:56:b6:1a:82,00:50:56:b6:1a:82 | F22: 172.16.253.84 | G22: fe80:0:0:0:250:56ff:feb6:1a82 | H22: Linux / Unidentified | I22: Canonical Ubuntu Focal Fossa 20.04 LTS 20.04.6 LTS | J22: 20.04 LTS | K22: GA | L22: Virtualized / Virtual Machine | M22: VMware VMware Virtual Platform VMware Virtual Platform | N22: Unknown | O22: 8 | P22: 2400 | Q22: Intel(R) Xeon(R) CPU E5-4640 0 @ 2.40GHz | R22: 9918 | S22: Phoenix Technologies LTD 6.00 12/12/2018 | T22: VMware-42 36 14 85 5a d8 23 a6-a8 ae a2 48 0c f2 49 f9 | U22: No Asset Tag | V22: '-03:00 | W22: Aug 21, 2024 | X22: root | Y22: QAGENT | Z22: 5d9a1324-8185-41d5-8c7a-a7027b98e681 | AA22: Jan 31, 2025 | AB22: x86_64 | AC22: VM,SCA,PM | AD22: Cloud Agent | AE22: 1 | AF22: 24 | AG22: 85143642-d85a-a623-a8ae-a2480cf249f9 | AH22: Jan 31, 2025 | AI22: Cloud Agent,GRU-GERAL,GRU-CAT-Servidores
A23: 109828633 | B23: SPRDAPVPRGRU04 | C23: 28345336 | D23: '- | E23: 00:50:56:b6:d3:0a,00:50:56:b6:d3:0a | F23: 172.31.62.196 | G23: fe80:0:0:0:250:56ff:feb6:d30a | H23: Linux / Server | I23: SUSE Linux Enterprise Server 12 12 SP5 | J23: 12 | K23: EOL | L23: Virtualized / Virtual Machine | M23: VMware VMware Virtual Platform VMware Virtual Platform | N23: Unknown | O23: 4 | P23: 2400 | Q23: Intel(R) Xeon(R) CPU E5-4640 0 @ 2.40GHz | R23: 7858 | S23: Phoenix Technologies LTD 6.00 12/12/2018 | T23: VMware-42 36 0b ef 2a 0a 87 1a-a4 6d 61 b4 5f 12 4f eb | U23: No Asset Tag | V23: '-03:00 | W23: Jul 30, 2024 | X23: admin | Y23: QAGENT | Z23: 4c27d44b-73eb-407d-a68c-5c7b369f1085 | AA23: Jan 31, 2025 | AB23: x86_64 | AC23: VM,SCA,PM | AD23: Cloud Agent | AE23: 1 | AF23: 168 | AG23: 42360BEF-2A0A-871A-A46D-61B45F124FEB | AH23: Jan 31, 2025 | AI23: Cloud Agent,GRU-GERAL,GRU-CAT-Servidores
A24: 24383683 | B24: SPRDAPFSCCGRU01 | C24: 7904476 | D24: SPRDAPFSCCGRU01 | E24: 00:50:56:9D:7E:EF,00:50:56:9D:7E:EF | F24: 172.31.49.237 | G24: fe80:0:0:0:5486:4109:1eee:d243 | H24: Windows / Server | I24: Microsoft Windows Server 2008 R2 Enterprise 6.1 SP1 Build 7601.24533 | J24: 6.1 | K24: EOL/EOS | L24: Virtualized / Virtual Machine | M24: VMware VMware Virtual Platform VMware Virtual Platform | N24: Unknown | O24: 8 | P24: 2400 | Q24: Intel(R) Xeon(R) CPU E5-4640 0 @ 2.40GHz | R24: 8191 | S24: Phoenix Technologies LTD 6.00 | T24: VMware-56 4d e2 6d 8a 3d 8e c3-e4 20 d7 cf f1 11 f8 fb | U24: NoAssetTag | V24: '-03:00 | W24: Oct 18, 2023 | X24: gru.local\sistemas.gru | Y24: QAGENT | Z24: 352be47d-695f-4e2e-a837-a2211937686f | AA24: Jan 31, 2025 | AB24: 64-bit | AC24: VM,SCA,PM | AD24: Cloud Agent | AE24: 1 | AF24: 173 | AG24: 6de24d56-3d8a-c38e-e420-d7cff111f8fb | AH24: Jan 31, 2025 | AI24: Cloud Agent,GRU-GERAL,GRU-CAT-Servidores
A25: 131535799 | B25: SHOMAPIHSGRU02 | C25: 34405932 | D25: '- | E25: 00:50:56:b6:ef:7c,00:50:56:b6:ef:7c | F25: 172.31.52.53 | G25: fe80:0:0:0:250:56ff:feb6:ef7c | H25: Linux / Server | I25: Red Hat Enterprise Linux 9 9.5 | J25: 9.5 | K25: GA | L25: Virtualized / Virtual Machine | M25: VMware VMware Virtual Platform VMware Virtual Platform | N25: Unknown | O25: 1 | P25: 2400 | Q25: Intel(R) Xeon(R) CPU E5-4640 0 @ 2.40GHz | R25: 3625 | S25: VMware, Inc. VMW71.00V.0.B64.1903020819 03/02/2019 | T25: VMware-42 36 c2 e7 67 3b cb 48-11 14 59 d2 30 cc f7 4e | U25: No Asset Tag | V25: '-03:00 | W25: Jan 21, 2025 | X25: sysgru | Y25: QAGENT | Z25: 59d637ef-ba1b-4b93-8720-6a7df4b0b561 | AA25: Jan 31, 2025 | AB25: x86_64 | AC25: VM,SCA,PM | AD25: Cloud Agent | AE25: 1 | AF25: 67 | AG25: e7c23642-3b67-48cb-1114-59d230ccf74e | AH25: Jan 31, 2025 | AI25: Cloud Agent,GRU-GERAL,GRU-CAT-Servidores
A26: 20890737 | B26: SPRDAPCMSGRU05 | C26: 7477605 | D26: '- | E26: b8:ca:3a:35:1a:6a,b8:ca:3a:35:1a:6a | F26: 172.31.49.90 | G26: fe80:0:0:0:baca:3aff:fe35:1a6a | H26: Linux / Server | I26: Red Hat Enterprise Linux Server 6 6.10 | J26: 6.10 | K26: EOL/EOS | L26: Computers / Server | M26: Dell PowerEdge M620 | N26: EOS | O26: 24 | P26: 2500 | Q26: Intel(R) Xeon(R) CPU E5-2640 0 @ 2.50GHz | R26: 129022 | S26: Dell Inc. 2.5.2 02/03/2015 | T26: FZ3PKZ1 | U26: '- | V26: '-03:00 | W26: Jul 26, 2023 | X26: root | Y26: QAGENT | Z26: 95fadd06-dba1-4317-be72-33b093948bed | AA26: Jan 31, 2025 | AB26: x86_64 | AC26: VM,SCA,PM | AD26: Cloud Agent | AE26: 5 | AF26: 867 | AG26: 44454c4c-5a00-1033-8050-c6c04f4b5a31 | AH26: Jan 31, 2025 | AI26: Cloud Agent,GRU_ACN_5-Catastrofico,GRU-GERAL,GRU_CAT_ACN-CMS
A27: 131557546 | B27: SPRDAPIHSGRU03 | C27: 34405934 | D27: '- | E27: 00:50:56:a3:79:bb,00:50:56:a3:79:bb | F27: 192.168.0.55 | G27: fe80:0:0:0:250:56ff:fea3:79bb | H27: Linux / Server | I27: Red Hat Enterprise Linux 9 9.5 | J27: 9.5 | K27: GA | L27: Virtualized / Virtual Machine | M27: VMware VMware Virtual Platform VMware Virtual Platform | N27: Unknown | O27: 2 | P27: 2600 | Q27: Intel(R) Xeon(R) Gold 6348 CPU @ 2.60GHz | R27: 7907 | S27: VMware, Inc. VMW201.00V.20829224.B64.2211211842 11/21/2022 | T27: VMware-42 23 19 81 13 ee f7 2a-04 42 66 6d a8 45 82 0c | U27: No Asset Tag | V27: '-03:00 | W27: Jan 29, 2025 | X27: sysgru | Y27: QAGENT | Z27: f7fb72cc-3e93-4596-939c-35ef98655c6a | AA27: Jan 31, 2025 | AB27: x86_64 | AC27: VM,SCA,PM | AD27: Cloud Agent | AE27: 1 | AF27: 67 | AG27: 81192342-ee13-2af7-0442-666da845820c | AH27: Jan 31, 2025 | AI27: Cloud Agent,GRU-GERAL,GRU-CAT-Servidores
A28: 27895381 | B28: sprdbdotrsgru02 | C28: 8497827 | D28: '- | E28: 00:50:56:b6:10:c2,00:50:56:b6:10:c2 | F28: 172.31.49.229 | G28: fe80:0:0:0:250:56ff:feb6:10c2 | H28: Linux / Unidentified | I28: Canonical Ubuntu Focal Fossa 20.04 LTS 20.04.5 LTS | J28: 20.04 LTS | K28: GA | L28: Virtualized / Virtual Machine | M28: VMware VMware Virtual Platform VMware Virtual Platform | N28: Unknown | O28: 8 | P28: 2400 | Q28: Intel(R) Xeon(R) CPU E5-4640 0 @ 2.40GHz | R28: 11934 | S28: Phoenix Technologies LTD 6.00 12/12/2018 | T28: VMware-42 36 50 7c aa 08 48 71-f9 71 86 92 5c c8 08 d8 | U28: No Asset Tag | V28: UTC | W28: Nov 16, 2023 | X28: root | Y28: QAGENT | Z28: c585a953-7db0-475e-a042-c75ae42fea5b | AA28: Jan 31, 2025 | AB28: x86_64 | AC28: VM,SCA,PM | AD28: Cloud Agent | AE28: 1 | AF28: 167 | AG28: 7c503642-08aa-7148-f971-86925cc808d8 | AH28: Jan 31, 2025 | AI28: Cloud Agent,GRU-GERAL,GRU-CAT-Servidores
A29: 20293585 | B29: SPRDAPHSEGRU01 | C29: 7395725 | D29: SPRDAPHSEGRU01 | E29: 00:50:56:92:5D:D0,00:50:56:92:5D:D0 | F29: 172.31.49.22 | G29: fe80:0:0:0:48de:5679:801e:a65e | H29: Windows / Server | I29: Microsoft Windows Server 2016 Datacenter 1607 Build 14393.6452 64-Bit | J29: 1607 | K29: EOL | L29: Virtualized / Virtual Machine | M29: VMware VMware Virtual Platform VMware Virtual Platform | N29: Unknown | O29: 16 | P29: 2594 | Q29: Intel(R) Xeon(R) Gold 6348 CPU @ 2.60GHz | R29: 12287 | S29: Phoenix Technologies LTD 6.00 | T29: VMware-42 12 7d aa 63 ef db 8e-9c 01 8e a8 0c 98 83 6d | U29: NoAssetTag | V29: '-03:00 | W29: Aug 9, 2024 | X29: GRU\sistemas.gru | Y29: QAGENT | Z29: 040738ab-cd44-4a08-af7a-99f7d0ba2e71 | AA29: Jan 31, 2025 | AB29: 64-bit | AC29: VM,SCA,PM | AD29: Cloud Agent | AE29: 3 | AF29: 513 | AG29: AA7D1242-EF63-8EDB-9C01-8EA80C98836D | AH29: Jan 31, 2025 | AI29: Cloud Agent,GRU_ACN_3-Maior,GRU-GERAL,GRU_CAT_ACN-GPA
A30: 134035420 | B30: SPRDAPRPGRU15 | C30: 35038549 | D30: '- | E30: 00:50:56:a3:e2:dc,00:50:56:a3:e2:dc | F30: 192.168.0.25 | G30: fe80:0:0:0:250:56ff:fea3:e2dc | H30: Linux / Server | I30: Red Hat Enterprise Linux 9 9.5 | J30: 9.5 | K30: GA | L30: Virtualized / Virtual Machine | M30: VMware VMware Virtual Platform VMware Virtual Platform | N30: Unknown | O30: 4 | P30: 2600 | Q30: Intel(R) Xeon(R) Gold 6348 CPU @ 2.60GHz | R30: 7651 | S30: VMware, Inc. VMW201.00V.20829224.B64.2211211842 11/21/2022 | T30: VMware-42 23 ea 03 be 5e 0f 1a-54 c5 dd 43 7f 7c 58 d0 | U30: No Asset Tag | V30: '-03:00 | W30: Dec 5, 2024 | X30: sysgru | Y30: QAGENT | Z30: 50f26332-a8b5-4300-b67a-58878d0f8c31 | AA30: Jan 31, 2025 | AB30: x86_64 | AC30: VM,SCA,PM | AD30: Cloud Agent | AE30: 1 | AF30: 7 | AG30: 03ea2342-5ebe-1a0f-54c5-dd437f7c58d0 | AH30: Jan 31, 2025 | AI30: Cloud Agent,GRU-GERAL,GRU-CAT-Servidores
A31: 27700453 | B31: sprdsapnasgru01 | C31: 8468939 | D31: '- | E31: 00:50:56:92:07:4e,00:50:56:92:07:4e | F31: 172.31.49.202 | G31: fe80:0:0:0:250:56ff:fe92:74e | H31: Linux / Server | I31: Red Hat Enterprise Linux Server 6 6.6 | J31: 6.6 | K31: EOL/EOS | L31: Virtualized / Virtual Machine | M31: VMware VMware Virtual Platform VMware Virtual Platform | N31: Unknown | O31: 2 | P31: 2100 | Q31: Intel(R) Xeon(R) Platinum 8176 CPU @ 2.10GHz | R31: 7858 | S31: Phoenix Technologies LTD 6.00 11/12/2020 | T31: VMware-42 12 30 53 89 af db 36-00 63 47 9c 72 57 83 ae | U31: No Asset Tag | V31: '-03:00 | W31: Jun 19, 2024 | X31: sysgru | Y31: QAGENT | Z31: 3dbd0f01-7bc4-457d-bc23-4b8caaa759a2 | AA31: Jan 31, 2025 | AB31: x86_64 | AC31: VM,SCA,PM | AD31: Cloud Agent | AE31: 4 | AF31: 698 | AG31: 42123053-89af-db36-0063-479c725783ae | AH31: Jan 31, 2025 | AI31: Cloud Agent,GRU_ACN_4-Perigoso,GRU-GERAL,GRU_CAT_ACN-SAP
A32: 107146571 | B32: PRDRMADS02 | C32: 27527349 | D32: '- | E32: 00:50:56:a3:3f:23,52:54:00:cd:3e:82,00:50:56:a3:3f:23 | F32: 172.31.49.50,192.168.122.1 | G32: fe80:0:0:0:250:56ff:fea3:3f23 | H32: Linux / Server | I32: Red Hat Enterprise Linux 8 8.10 | J32: 8.10 | K32: GA | L32: Virtualized / Virtual Machine | M32: VMware VMware Virtual Platform VMware Virtual Platform | N32: Unknown | O32: 4 | P32: 2600 | Q32: Intel(R) Xeon(R) Gold 6348 CPU @ 2.60GHz | R32: 7665 | S32: Phoenix Technologies LTD 6.00 11/12/2020 | T32: VMware-42 23 f5 74 84 fd 5b a9-f7 8c db 67 cf cd bd a1 | U32: No Asset Tag | V32: '-03:00 | W32: Sep 4, 2024 | X32: root | Y32: QAGENT | Z32: b01f8d7b-9b12-497d-b7b4-7d8305d9a982 | AA32: Jan 31, 2025 | AB32: x86_64 | AC32: VM,SCA,PM | AD32: Cloud Agent | AE32: 1 | AF32: 171 | AG32: 74f52342-fd84-a95b-f78c-db67cfcdbda1 | AH32: Jan 31, 2025 | AI32: Cloud Agent,GRU-GERAL,GRU-CAT-Servidores
A33: 97308191 | B33: SPRDAPSSHGRU01 | C33: 24995962 | D33: '- | E33: 54:9f:35:73:0b:61 | F33: 172.31.49.176 | H33: Linux / Unidentified | I33: Canonical Ubuntu Noble Numbat 24.04 LTS 24.04.1 LTS | J33: 24.04 LTS | K33: GA | L33: Computers / Server | M33: Dell PowerEdge M620 | N33: EOS | O33: 40 | P33: 2200 | Q33: Intel(R) Xeon(R) CPU E5-2660 v2 @ 2.20GHz | R33: 64338 | S33: Dell Inc. 2.4.3 07/02/2014 | T33: HM22012 | U33: '- | V33: '-03:00 | W33: Nov 26, 2024 | X33: sysgru | Y33: QAGENT | Z33: 2528af6c-2461-4ad5-ac05-70de78f179ab | AA33: Jan 31, 2025 | AB33: x86_64 | AC33: VM,SCA,PM | AD33: Cloud Agent | AE33: 1 | AF33: 27 | AG33: 4c4c4544-004d-3210-8032-c8c04f303132 | AH33: Jan 31, 2025 | AI33: Cloud Agent,GRU-GERAL,GRU-CAT-Servidores
A34: 107596735 | B34: DESKTOP-5IFR8I7 | C34: 27727654 | D34: GRU-VIG-BGBCSV1 | E34: 5C:F9:DD:ED:87:79,5C:F9:DD:ED:87:79 | F34: 10.11.13.140 | G34: fe80:0:0:0:cf04:d97a:5635:a49c | H34: Windows / Client | I34: Microsoft Windows 10 Pro 22H2 Build 19045.4894 64-Bit | J34: 22H2 | K34: GA | L34: Computers / Desktop | M34: Dell OptiPlex 3010 | N34: EOS | O34: 4 | P34: 3201 | Q34: Intel(R) Core(TM) i5-3470 CPU @ 3.20GHz | R34: 8162 | S34: Dell Inc. A22 | T34: BGBCSV1 | U34: '- | V34: '-03:00 | W34: Dec 20, 2024 | X34: VIGIAGRO | Y34: QAGENT | Z34: 808f514e-c6da-4f5b-8f3b-892e8ae094b1 | AA34: Jan 31, 2025 | AB34: 64 bits | AC34: VM,SCA,PM | AD34: Cloud Agent | AE34: 1 | AF34: 177 | AG34: 4C4C4544-0047-4210-8043-C2C04F535631 | AH34: Jan 31, 2025 | AI34: Cloud Agent,GRU-GERAL,GRU-CAT-Workstation
A35: 96870252 | B35: sprdappigru01 | C35: 24873330 | D35: '- | E35: 54:9f:35:73:10:7f,54:9f:35:73:0b:af,54:9f:35:73:0b:af,54:9f:35:73:10:7f | F35: 10.1.1.89,172.31.49.155 | G35: fe80:0:0:0:569f:35ff:fe73:baf,fe80:0:0:0:569f:35ff:fe73:107f | H35: Linux / Server | I35: Red Hat Enterprise Linux Server 6 6.6 | J35: 6.6 | K35: EOL/EOS | L35: Computers / Server | M35: Dell PowerEdge M620 | N35: EOS | O35: 12 | P35: 2600 | Q35: Intel(R) Xeon(R) CPU E5-2630 v2 @ 2.60GHz | R35: 64387 | S35: Dell Inc. 2.4.3 07/02/2014 | T35: 31MNF22 | U35: '- | V35: '-03:00 | W35: Oct 11, 2024 | X35: sysgru | Y35: QAGENT | Z35: a8e43ba7-8db5-4115-81c0-d73b6ee9af5c | AA35: Jan 31, 2025 | AB35: x86_64 | AC35: VM,SCA,PM | AD35: Cloud Agent | AE35: 1 | AF35: 175 | AG35: 44454c4c-3100-104d-804e-b3c04f463232 | AH35: Jan 31, 2025 | AI35: Cloud Agent,GRU_ACN_1-Insignificante,GRU-GERAL,GRU_CAT_ACN-SAP
A36: 142172320 | B36: SPRDMYSQLGRU02 | C36: 38417552 | D36: '- | E36: 00:50:56:9d:4f:75 | F36: 172.16.253.90 | H36: Linux / Server | I36: Red Hat Enterprise Linux Server 7 7.9 | J36: 7.9 | K36: EOL/EOS | L36: Virtualized / Virtual Machine | M36: VMware VMware Virtual Platform VMware Virtual Platform | N36: Unknown | O36: 4 | P36: 2400 | Q36: Intel(R) Xeon(R) CPU E5-4640 0 @ 2.40GHz | R36: 7821 | S36: Phoenix Technologies LTD 6.00 12/12/2018 | T36: VMware-56 4d 42 27 e7 67 e6 f1-0f 0a f3 61 cc dd 0d 6f | U36: No Asset Tag | V36: '-03:00 | W36: Nov 18, 2024 | X36: sysgru | Y36: QAGENT | Z36: fcad08a7-cf35-4635-9756-4916b9df6094 | AA36: Jan 31, 2025 | AB36: x86_64 | AC36: VM,PM | AD36: Cloud Agent | AE36: 1 | AF36: 170 | AG36: 564d4227-e767-e6f1-0f0a-f361ccdd0d6f | AH36: Jan 31, 2025 | AI36: Cloud Agent,GRU-GERAL,GRU-CAT-Servidores
A37: 118288358 | B37: shombdoragru01 | C37: 32350690 | D37: '- | E37: b8:ca:3a:33:8f:3a,b8:ca:3a:33:8f:3a,b8:ca:3a:33:8f:37,b8:ca:3a:33:8f:37,b8:ca:3a:33:8f:37,b8:ca:3a:33:8f:37,b8:ca:3a:33:8f:37,b8:ca:3a:33:8f:3a | F37: 10.1.1.9,169.254.27.150,172.31.52.60,172.31.52.63,172.31.52.66,172.31.52.67 | G37: fe80:0:0:0:baca:3aff:fe33:8f37,fe80:0:0:0:baca:3aff:fe33:8f3a | H37: Linux / Server | I37: Red Hat Enterprise Linux Server 6 6.5 | J37: 6.5 | K37: EOL/EOS | L37: Computers / Server | M37: Dell PowerEdge M620 | N37: EOS | O37: 32 | P37: 2700 | Q37: Intel(R) Xeon(R) CPU E5-2680 0 @ 2.70GHz | R37: 64377 | S37: Dell Inc. 2.5.4 01/27/2016 | T37: 7H4PKZ1 | U37: '- | V37: '-02:00 | W37: Feb 21, 2024 | X37: sysgru | Y37: QAGENT | Z37: ffb71dfc-e08c-4773-9d6d-2e9dc80dcfc2 | AA37: Jan 31, 2025 | AB37: x86_64 | AC37: VM,SCA,PM | AD37: Cloud Agent | AE37: 1 | AF37: 174 | AG37: 44454c4c-4800-1034-8050-b7c04f4b5a31 | AH37: Jan 31, 2025 | AI37: Cloud Agent,GRU-GERAL,GRU-CAT-Servidores
A38: 118300234 | B38: shombdoragru02 | C38: 30629851 | D38: '- | E38: b8:ca:3a:35:1a:7a,b8:ca:3a:35:1a:7a,b8:ca:3a:35:1a:77,b8:ca:3a:35:1a:77,b8:ca:3a:35:1a:77,b8:ca:3a:35:1a:77,b8:ca:3a:35:1a:7a | F38: 10.1.1.10,169.254.64.50,172.31.52.61,172.31.52.64,172.31.52.65 | G38: fe80:0:0:0:baca:3aff:fe35:1a77,fe80:0:0:0:baca:3aff:fe35:1a7a | H38: Linux / Server | I38: Red Hat Enterprise Linux Server 6 6.10 | J38: 6.10 | K38: EOL/EOS | L38: Computers / Server | M38: Dell PowerEdge M620 | N38: EOS | O38: 32 | P38: 2700 | Q38: Intel(R) Xeon(R) CPU E5-2680 0 @ 2.70GHz | R38: 64377 | S38: Dell Inc. 2.5.4 01/27/2016 | T38: 802PKZ1 | U38: '- | V38: '-03:00 | W38: Nov 9, 2024 | X38: sysgru | Y38: QAGENT | Z38: 669bb8ac-1b2c-41b4-8f0e-b35c1719fd97 | AA38: Jan 31, 2025 | AB38: x86_64 | AC38: VM,SCA,PM | AD38: Cloud Agent | AE38: 1 | AF38: 173 | AG38: 44454c4c-3000-1032-8050-b8c04f4b5a31 | AH38: Jan 31, 2025 | AI38: Cloud Agent,GRU-GERAL,GRU-CAT-Servidores
A39: 25346862 | B39: sprdotrsgru01 | C39: 8133588 | D39: '- | E39: 00:50:56:a3:52:0c,00:50:56:a3:52:0c | F39: 172.31.49.49 | G39: fe80:0:0:0:250:56ff:fea3:520c | H39: Linux / Unidentified | I39: Canonical Ubuntu Focal Fossa 20.04 LTS 20.04.6 LTS | J39: 20.04 LTS | K39: GA | L39: Virtualized / Virtual Machine | M39: VMware VMware Virtual Platform VMware Virtual Platform | N39: Unknown | O39: 8 | P39: 2600 | Q39: Intel(R) Xeon(R) Gold 6348 CPU @ 2.60GHz | R39: 24006 | S39: Phoenix Technologies LTD 6.00 11/12/2020 | T39: VMware-42 23 39 53 a4 68 79 0e-c4 9a 87 fc f6 57 dd 90 | U39: No Asset Tag | V39: '-03:00 | W39: Dec 1, 2024 | X39: root | Y39: QAGENT | Z39: 73c7a656-2a2f-4bbc-ac3d-0a65b38ae4e3 | AA39: Jan 31, 2025 | AB39: x86_64 | AC39: VM,SCA,PM | AD39: Cloud Agent | AE39: 3 | AF39: 73 | AG39: 42233953-a468-790e-c49a-87fcf657dd90 | AH39: Jan 31, 2025 | AI39: Cloud Agent,GRU_ACN_3-Maior,GRU-GERAL,GRU_CAT_ACN-INFRACRITICA
A40: 19242329 | B40: SPRDCCTVGRU20 | C40: 7159514 | D40: SPRDCCTVGRU20 | E40: 00:0A:F7:2F:70:E4,00:0A:F7:2F:70:E4,00:0A:F7:2F:70:E4,00:0A:F7:2F:70:E4,00:0A:F7:2F:70:E7,F0:1F:AF:E1:4F:FB | F40: 10.36.57.100,10.36.57.110,10.36.57.111,10.36.57.112,10.36.60.100,10.36.61.100 | H40: Windows / Server | I40: Microsoft Windows Server 2019 Datacenter 1809 Build 17763.4252 64-Bit | J40: 1809 | K40: EOL | L40: Computers / Server | M40: '- | N40: Not Applicable | O40: 12 | P40: 2200 | Q40: Intel(R) Xeon(R) CPU E5-2430 0 @ 2.20GHz | R40: 32723 | S40: 2.9.0 | T40: 4LM1DZ1 | U40: '- | V40: '-03:00 | W40: Nov 15, 2024 | X40: GRU\svc-sql-cluster | Y40: QAGENT | Z40: 05d1d5cb-9e12-40b9-8d9c-9839f1cf66b9 | AA40: Jan 31, 2025 | AB40: 64-bit | AC40: VM,SCA,PM | AD40: Cloud Agent | AE40: 4 | AF40: 683 | AG40: 4c4c4544-004c-4d10-8031-b4c04f445a31 | AH40: Jan 31, 2025 | AI40: Cloud Agent,GRU_ACN_4-Perigoso,GRU-GERAL,GRU_CAT_ACN-CFTV
A41: 113121892 | B41: SHOMAPRMAGRU02 | C41: 29123172 | D41: '- | E41: 00:50:56:8a:bb:30,00:50:56:8a:bb:30 | F41: 10.36.52.151 | G41: fe80:0:0:0:250:56ff:fe8a:bb30 | H41: Linux / Unidentified | I41: Canonical Ubuntu Jammy Jellyfish 22.04 LTS 22.04.4 LTS | J41: 22.04 LTS | K41: GA | L41: Virtualized / Virtual Machine | M41: VMware VMware Virtual Platform VMware Virtual Platform | N41: Unknown | O41: 2 | P41: 2100 | Q41: Intel(R) Xeon(R) CPU E5-2620 v2 @ 2.10GHz | R41: 1928 | S41: Phoenix Technologies LTD 6.00 09/19/2018 | T41: VMware-42 0a 9a 10 a5 84 b2 99-32 99 36 89 08 4b 86 10 | U41: No Asset Tag | V41: '-03:00 | W41: Aug 29, 2024 | X41: sysgru | Y41: QAGENT | Z41: d3b080d1-6011-4d50-a17f-3a12be7e6f25 | AA41: Jan 31, 2025 | AB41: x86_64 | AC41: VM,SCA,PM | AD41: Cloud Agent | AE41: 1 | AF41: 125 | AG41: 109a0a42-84a5-99b2-3299-3689084b8610 | AH41: Jan 31, 2025 | AI41: Cloud Agent,GRU-GERAL,GRU-CAT-Servidores
A42: 21125213 | B42: SPRDCCTVGRU05 | C42: 7531794 | D42: SPRDCCTVGRU05 | E42: C8:1F:66:D1:BB:0D,C8:1F:66:D1:BB:0E,C8:1F:66:D1:BB:10 | F42: 10.36.57.55,10.36.60.52,10.36.61.52 | H42: Windows / Server | I42: Microsoft Windows Server 2019 Standard 1809 Build 17763.4974 64-Bit | J42: 1809 | K42: EOL | L42: Computers / Server | M42: Dell PowerEdge R720 | N42: EOS | O42: 32 | P42: 2600 | Q42: Intel(R) Xeon(R) CPU E5-2670 0 @ 2.60GHz | R42: 49107 | S42: Dell Inc. 2.0.19 | T42: 5VKDBZ1 | U42: '- | V42: '-03:00 | W42: Oct 17, 2023 | X42: GRU\svc-sql-cluster | Y42: QAGENT | Z42: f41ef67a-2191-420c-894b-bc9a87360056 | AA42: Jan 31, 2025 | AB42: 64-bit | AC42: VM,SCA,PM | AD42: Cloud Agent | AE42: 4 | AF42: 682 | AG42: 4c4c4544-0056-4b10-8044-b5c04f425a31 | AH42: Jan 31, 2025 | AI42: Cloud Agent,GRU_ACN_4-Perigoso,GRU-GERAL,GRU_CAT_ACN-CFTV
A43: 109261757 | B43: GRU-VGA-189W0Y1 | C43: 28088639 | D43: GRU-VGA-189W0Y1 | E43: A4:1F:72:F9:BF:8D,A4:1F:72:F9:BF:8D | F43: 10.11.13.219 | G43: fe80:0:0:0:fd4b:fdf9:39ac:23ff | H43: Windows / Client | I43: Microsoft Windows 10 Pro 22H2 Build 19045 64-Bit | J43: 22H2 | K43: GA | L43: Computers / Desktop | M43: Dell OptiPlex 3010 | N43: EOS | O43: 4 | P43: 3201 | Q43: Intel(R) Core(TM) i5-3470 CPU @ 3.20GHz | R43: 8094 | S43: Dell Inc. A11 | T43: 189W0Y1 | U43: '- | V43: '-03:00 | W43: Jan 29, 2025 | X43: Vigiagro | Y43: QAGENT | Z43: 9addb00a-ac73-44f6-a512-ee5d96961d07 | AA43: Jan 31, 2025 | AB43: 64 bits | AC43: VM,SCA,PM | AD43: Cloud Agent | AE43: 1 | AF43: 171 | AG43: 4C4C4544-0038-3910-8057-B1C04F305931 | AH43: Jan 31, 2025 | AI43: Cloud Agent,GRU-GERAL,GRU-CAT-Workstation
A44: 112279769 | B44: sprdapbigru02 | C44: 28956551 | D44: '- | E44: 54:9f:35:71:de:f6,54:9f:35:71:d9:7c,54:9f:35:71:d9:7c,54:9f:35:71:de:f6 | F44: 10.1.1.130,172.31.49.169 | G44: fe80:0:0:0:569f:35ff:fe71:d97c,fe80:0:0:0:569f:35ff:fe71:def6 | H44: Linux / Server | I44: Red Hat Enterprise Linux Server 6 6.6 | J44: 6.6 | K44: EOL/EOS | L44: Computers / Server | M44: Dell PowerEdge M620 | N44: EOS | O44: 2 | P44: 2600 | Q44: Intel(R) Xeon(R) CPU E5-2630 v2 @ 2.60GHz | R44: 32066 | S44: Dell Inc. 2.4.3 07/02/2014 | T44: 2GMNF22 | U44: '- | V44: '-03:00 | W44: Feb 3, 2024 | X44: sysgru | Y44: QAGENT | Z44: f4dbfb8b-9750-4f8c-ab94-5195e88c6018 | AA44: Jan 31, 2025 | AB44: x86_64 | AC44: VM,SCA,PM | AD44: Cloud Agent | AE44: 1 | AF44: 175 | AG44: 44454c4c-4700-104d-804e-b2c04f463232 | AH44: Jan 31, 2025 | AI44: Cloud Agent,GRU-GERAL,GRU-CAT-Servidores
A45: 19455306 | B45: SPRDAPVPXGRU02 | C45: 7222313 | D45: SPRDAPVPXGRU02 | E45: 00:50:56:9D:7A:65,02:9E:B8:7C:BC:B5,00:50:56:9D:ED:D8,00:50:56:9D:ED:D8,00:50:56:9D:ED:D8,02:9E:B8:7C:BC:B5 | F45: 12.12.12.2,169.254.1.107,172.31.50.36,172.31.50.158,172.31.50.242 | G45: fe80:0:0:0:c49c:7526:a526:ba9d | H45: Windows / Server | I45: Microsoft Windows Server 2012 R2 Standard 6.3 Build 9600.19941 64-Bit | J45: 6.3 | K45: EOL/EOS | L45: Virtualized / Virtual Machine | M45: VMware VMware Virtual Platform VMware Virtual Platform | N45: Unknown | O45: 2 | P45: 2600 | Q45: Intel(R) Xeon(R) CPU E5-4620 v2 @ 2.60GHz | R45: 4095 | S45: Phoenix Technologies LTD 6.00 | T45: VMware-56 4d 0b d7 d0 5b 42 aa-79 bc 41 49 35 b1 82 df | U45: NoAssetTag | V45: '-03:00 | W45: Nov 9, 2024 | X45: gru.local\adm-welison.araujo | Y45: QAGENT | Z45: d1d45866-2ed0-48dc-a75d-016213a32ebb | AA45: Jan 31, 2025 | AB45: 64-bit | AC45: VM,SCA,PM | AD45: Cloud Agent | AE45: 5 | AF45: 873 | AG45: D70B4D56-5BD0-AA42-79BC-414935B182DF | AH45: Jan 31, 2025 | AI45: Cloud Agent,GRU_ACN_5-Catastrofico,GRU-GERAL,GRU_CAT_ACN-BCBP
A46: 90974260 | B46: SHOMBDMOOGRU01 | C46: 23107149 | D46: '- | E46: 00:50:56:8a:be:67,00:50:56:8a:be:67 | F46: 10.36.52.82 | G46: fe80:0:0:0:250:56ff:fe8a:be67 | H46: Linux / Unidentified | I46: Canonical Ubuntu Jammy Jellyfish 22.04 LTS 22.04.4 LTS | J46: 22.04 LTS | K46: GA | L46: Virtualized / Virtual Machine | M46: VMware VMware Virtual Platform VMware Virtual Platform | N46: Unknown | O46: 6 | P46: 2100 | Q46: Intel(R) Xeon(R) CPU E5-2620 v2 @ 2.10GHz | R46: 15953 | S46: Phoenix Technologies LTD 6.00 09/19/2018 | T46: VMware-42 0a 7a c1 6c 2d dc 02-6c bf b7 6b 06 3a 9b 7e | U46: No Asset Tag | V46: '-03:00 | W46: Jun 26, 2024 | X46: root | Y46: QAGENT | Z46: aa6f3bf6-b067-4f40-b41b-e6bf18e87954 | AA46: Jan 31, 2025 | AB46: x86_64 | AC46: VM,SCA,PM | AD46: Cloud Agent | AE46: 1 | AF46: 125 | AG46: c17a0a42-2d6c-02dc-6cbf-b76b063a9b7e | AH46: Jan 31, 2025 | AI46: Cloud Agent,GRU-GERAL,GRU-CAT-Servidores
A47: 109894301 | B47: SPRDAPNTWSGRU01 | C47: 28376277 | D47: '- | E47: 00:50:56:92:5c:b2,52:54:00:5a:bd:8e,00:50:56:92:5c:b2 | F47: 172.31.62.186,192.168.122.1 | G47: fe80:0:0:0:250:56ff:fe92:5cb2 | H47: Linux / Server | I47: Red Hat Enterprise Linux 8 8.10 | J47: 8.10 | K47: GA | L47: Virtualized / Virtual Machine | M47: VMware VMware Virtual Platform VMware Virtual Platform | N47: Unknown | O47: 4 | P47: 2600 | Q47: Intel(R) Xeon(R) Gold 6348 CPU @ 2.60GHz | R47: 31888 | S47: VMware, Inc. VMW201.00V.20829224.B64.2211211842 11/21/2022 | T47: VMware-42 12 b3 ce fc f5 20 f2-86 d5 f9 64 96 3a 73 9f | U47: No Asset Tag | V47: '-03:00 | W47: Jan 29, 2025 | X47: root | Y47: QAGENT | Z47: 610e5d82-a2d3-48e2-8a5c-394bbd95c6af | AA47: Jan 31, 2025 | AB47: x86_64 | AC47: VM,SCA,PM | AD47: Cloud Agent | AE47: 4 | AF47: 668 | AG47: ceb31242-f5fc-f220-86d5-f964963a739f | AH47: Jan 31, 2025 | AI47: Cloud Agent,GRU_ACN_4-Perigoso,GRU-GERAL,GRU_CAT_ACN-INFRACRITICA
A48: 65268475 | B48: SPRDSKPPCGRU03 | C48: 17749814 | D48: 1950237-103 | E48: 00:50:56:A3:7E:10,00:50:56:A3:7E:10 | F48: 172.31.48.25 | G48: fe80:0:0:0:5d0c:a4b1:c915:687f | H48: Windows / Server | I48: Microsoft Windows Server 2016 Standard 1607 Build 14393.6529 64-Bit | J48: 1607 | K48: EOL | L48: Virtualized / Virtual Machine | M48: VMware VMware Virtual Platform VMware Virtual Platform | N48: Unknown | O48: 2 | P48: 2594 | Q48: Intel(R) Xeon(R) Gold 6348 CPU @ 2.60GHz | R48: 8191 | S48: Phoenix Technologies LTD 6.00 | T48: VMware-42 23 f8 0e b8 8d 04 c1-63 18 93 72 0a d7 d4 a0 | U48: NoAssetTag | V48: '-03:00 | W48: Nov 10, 2024 | X48: SD1950237\1950237_parkuser | Y48: QAGENT | Z48: 507c8577-1bd7-44bc-827c-f4f989065603 | AA48: Jan 31, 2025 | AB48: 64-bit | AC48: VM,SCA,PM | AD48: Cloud Agent | AE48: 4 | AF48: 700 | AG48: 0EF82342-8DB8-C104-6318-93720AD7D4A0 | AH48: Jan 31, 2025 | AI48: Cloud Agent,GRU_ACN_4-Perigoso,GRU-GERAL,GRU_CAT_ACN-ESTACIONAMENTO
A49: 131772614 | B49: SPRDAPRPGRU14 | C49: 34405933 | D49: '- | E49: 00:50:56:a3:bc:9e,00:50:56:a3:bc:9e,00:50:56:a3:bc:9e | F49: 192.168.0.26,192.168.0.28 | G49: fe80:0:0:0:250:56ff:fea3:bc9e | H49: Linux / Server | I49: Red Hat Enterprise Linux 9 9.5 | J49: 9.5 | K49: GA | L49: Virtualized / Virtual Machine | M49: VMware VMware Virtual Platform VMware Virtual Platform | N49: Unknown | O49: 4 | P49: 2600 | Q49: Intel(R) Xeon(R) Gold 6348 CPU @ 2.60GHz | R49: 7651 | S49: VMware, Inc. VMW201.00V.20829224.B64.2211211842 11/21/2022 | T49: VMware-42 23 2c 35 94 c6 32 1f-9a 75 9f a1 0f 9b d3 60 | U49: No Asset Tag | V49: '-03:00 | W49: Dec 5, 2024 | X49: sysgru | Y49: QAGENT | Z49: d7a0aa3d-2f67-49dd-9142-79bf5817043b | AA49: Jan 31, 2025 | AB49: x86_64 | AC49: VM,SCA,PM | AD49: Cloud Agent | AE49: 1 | AF49: 7 | AG49: 352c2342-c694-1f32-9a75-9fa10f9bd360 | AH49: Jan 31, 2025 | AI49: Cloud Agent,GRU-GERAL,GRU-CAT-Servidores
A50: 24110953 | B50: SPRDBDOTRSGRU01 | C50: 7848811 | D50: '- | E50: 00:50:56:a3:6e:b8,00:50:56:a3:6e:b8 | F50: 172.31.49.16 | G50: fe80:0:0:0:250:56ff:fea3:6eb8 | H50: Linux / Unidentified | I50: Canonical Ubuntu Focal Fossa 20.04 LTS 20.04.6 LTS | J50: 20.04 LTS | K50: GA | L50: Virtualized / Virtual Machine | M50: VMware VMware Virtual Platform VMware Virtual Platform | N50: Unknown | O50: 8 | P50: 2600 | Q50: Intel(R) Xeon(R) Gold 6348 CPU @ 2.60GHz | R50: 28038 | S50: Phoenix Technologies LTD 6.00 11/12/2020 | T50: VMware-42 23 c5 51 17 01 f4 fb-06 4b 2b 4c 55 e1 f9 dd | U50: No Asset Tag | V50: '-03:00 | W50: Nov 30, 2024 | X50: root | Y50: QAGENT | Z50: ef41ff62-6e7f-47fc-bbdf-b0bf26d00b69 | AA50: Jan 31, 2025 | AB50: x86_64 | AC50: VM,SCA,PM | AD50: Cloud Agent | AE50: 3 | AF50: 499 | AG50: 4223c551-1701-f4fb-064b-2b4c55e1f9dd | AH50: Jan 31, 2025 | AI50: Cloud Agent,GRU_ACN_3-Maior,GRU-GERAL,GRU_CAT_ACN-INFRACRITICA
A51: 25552558 | B51: sprdapsmgru01 | C51: 8167978 | D51: '- | E51: 54:9f:35:73:0f:c8,54:9f:35:73:0b:a2,54:9f:35:73:0b:a2,54:9f:35:73:0f:c8 | F51: 10.1.1.81,172.31.49.146 | G51: fe80:0:0:0:569f:35ff:fe73:ba2,fe80:0:0:0:569f:35ff:fe73:fc8 | H51: Linux / Server | I51: Red Hat Enterprise Linux Server 6 6.6 | J51: 6.6 | K51: EOL/EOS | L51: Computers / Server | M51: Dell PowerEdge M620 | N51: EOS | O51: 24 | P51: 2600 | Q51: Intel(R) Xeon(R) CPU E5-2630 v2 @ 2.60GHz | R51: 32062 | S51: Dell Inc. 2.9.0 01/08/2020 | T51: GM22012 | U51: '- | V51: '-03:00 | W51: Dec 4, 2024 | X51: root | Y51: QAGENT | Z51: f30a9410-8a9a-4e97-8ca4-47eb9f6ac275 | AA51: Jan 31, 2025 | AB51: x86_64 | AC51: VM,SCA,PM | AD51: Cloud Agent | AE51: 4 | AF51: 698 | AG51: 44454c4c-4d00-1032-8032-c7c04f303132 | AH51: Jan 31, 2025 | AI51: Cloud Agent,GRU_ACN_4-Perigoso,GRU-GERAL,GRU_CAT_ACN-SAP
A52: 102538135 | B52: sprdapnbkgru01 | C52: 26291231 | D52: '- | E52: 00:50:56:a3:17:e0,00:50:56:a3:17:e0 | F52: 172.31.49.210 | G52: fe80:0:0:0:250:56ff:fea3:17e0 | H52: Linux / Server | I52: Red Hat Enterprise Linux Server 6 6.10 | J52: 6.10 | K52: EOL/EOS | L52: Virtualized / Virtual Machine | M52: VMware VMware Virtual Platform VMware Virtual Platform | N52: Unknown | O52: 1 | P52: 2600 | Q52: Intel(R) Xeon(R) Gold 6348 CPU @ 2.60GHz | R52: 1861 | S52: Phoenix Technologies LTD 6.00 11/12/2020 | T52: VMware-42 23 dd ef d1 dd 6e 71-3d b8 e1 da 20 18 90 94 | U52: No Asset Tag | V52: '-03:00 | W52: Nov 18, 2024 | X52: root | Y52: QAGENT | Z52: 0b778542-28ab-4543-b8ef-7501c4192985 | AA52: Jan 31, 2025 | AB52: x86_64 | AC52: VM,SCA,PM | AD52: Cloud Agent | AE52: 4 | AF52: 689 | AG52: 4223DDEF-D1DD-6E71-3DB8-E1DA20189094 | AH52: Jan 31, 2025 | AI52: Cloud Agent,GRU_ACN_4-Perigoso,GRU-GERAL,GRU_CAT_ACN-INFRACRITICA
A53: 25558277 | B53: sprdapsmgru02 | C53: 8168462 | D53: '- | E53: 54:9f:35:71:dd:88,54:9f:35:71:d9:62,54:9f:35:71:d9:62,54:9f:35:71:d9:62,54:9f:35:71:d9:62,54:9f:35:71:dd:88 | F53: 10.1.1.82,172.31.49.147,172.31.49.200,172.31.49.201 | G53: fe80:0:0:0:569f:35ff:fe71:d962,fe80:0:0:0:569f:35ff:fe71:dd88 | H53: Linux / Server | I53: Red Hat Enterprise Linux Server 6 6.6 | J53: 6.6 | K53: EOL/EOS | L53: Computers / Server | M53: Dell PowerEdge M620 | N53: EOS | O53: 12 | P53: 2600 | Q53: Intel(R) Xeon(R) CPU E5-2630 v2 @ 2.60GHz | R53: 32067 | S53: Dell Inc. 2.2.10 05/21/2014 | T53: 1N24012 | U53: '- | V53: '-03:00 | W53: Dec 4, 2024 | X53: root | Y53: QAGENT | Z53: c3af8784-1813-47f7-a689-48d02b31aff0 | AA53: Jan 31, 2025 | AB53: x86_64 | AC53: VM,SCA,PM | AD53: Cloud Agent | AE53: 4 | AF53: 698 | AG53: 44454c4c-4e00-1032-8034-b1c04f303132 | AH53: Jan 31, 2025 | AI53: Cloud Agent,GRU_ACN_4-Perigoso,GRU-GERAL,GRU_CAT_ACN-SAP
A54: 20192857 | B54: SINTELI1-GRU | C54: 7378142 | D54: SINTELI1-GRU | E54: 00:50:56:9D:45:A7,00:50:56:9D:45:A7 | F54: 172.31.50.168 | G54: fe80:0:0:0:c45f:ad1:ac16:f91b | H54: Windows / Server | I54: Microsoft Windows Server 2008 R2 Standard 6.1 SP1 Build 7601.24055 64-Bit | J54: 6.1 | K54: EOL/EOS | L54: Virtualized / Virtual Machine | M54: VMware VMware Virtual Platform VMware Virtual Platform | N54: Unknown | O54: 2 | P54: 2400 | Q54: Intel(R) Xeon(R) CPU E5-4640 0 @ 2.40GHz | R54: 6143 | S54: Phoenix Technologies LTD 6.00 | T54: VMware-42 1d b8 c1 4b 5b 22 f2-fb b5 24 fa 95 51 2e 6d | U54: NoAssetTag | V54: '-03:00 | W54: Apr 1, 2024 | X54: Administrator | Y54: QAGENT | Z54: e43f7a44-a746-4ec6-9a09-77adec3ccad3 | AA54: Jan 31, 2025 | AB54: 64-bit | AC54: VM,SCA,PM | AD54: Cloud Agent | AE54: 1 | AF54: 175 | AG54: C1B81D42-5B4B-F222-FBB5-24FA95512E6D | AH54: Jan 31, 2025 | AI54: Cloud Agent,GRU-GERAL,GRU-CAT-Servidores
A55: 65260360 | B55: SPRDSKPPCGRU13 | C55: 17757982 | D55: 1950237-113 | E55: 00:50:56:A3:4E:C0,00:50:56:A3:4E:C0 | F55: 172.31.48.35 | G55: fe80:0:0:0:6cfe:df47:ad5d:37f3 | H55: Windows / Server | I55: Microsoft Windows Server 2016 Standard 1607 Build 14393.6529 64-Bit | J55: 1607 | K55: EOL | L55: Virtualized / Virtual Machine | M55: VMware VMware Virtual Platform VMware Virtual Platform | N55: Unknown | O55: 2 | P55: 2594 | Q55: Intel(R) Xeon(R) Gold 6348 CPU @ 2.60GHz | R55: 8191 | S55: Phoenix Technologies LTD 6.00 | T55: VMware-42 23 be 6d 0e 3a 7c 78-37 af 52 c8 2e 55 2f 7e | U55: NoAssetTag | V55: '-03:00 | W55: Nov 10, 2024 | X55: SD1950237\1950237_parkuser | Y55: QAGENT | Z55: da0205e8-ee51-42f3-893e-7b075b57ce6b | AA55: Jan 31, 2025 | AB55: 64-bit | AC55: VM,SCA,PM | AD55: Cloud Agent | AE55: 4 | AF55: 683 | AG55: 6DBE2342-3A0E-787C-37AF-52C82E552F7E | AH55: Jan 31, 2025 | AI55: Cloud Agent,GRU_ACN_4-Perigoso,GRU-GERAL,GRU_CAT_ACN-ESTACIONAMENTO
A56: 56149937 | B56: SHOMAPCMSGRU01 | C56: 13487061 | D56: '- | E56: 00:50:56:b6:f3:4b,52:54:00:00:5c:5b,00:50:56:b6:f3:4b | F56: 172.31.52.31,192.168.122.1 | G56: fe80:0:0:0:250:56ff:feb6:f34b | H56: Linux / Server | I56: Red Hat Enterprise Linux 8 8.10 | J56: 8.10 | K56: GA | L56: Virtualized / Virtual Machine | M56: VMware VMware Virtual Platform VMware Virtual Platform | N56: Unknown | O56: 4 | P56: 2600 | Q56: Intel(R) Xeon(R) CPU E5-4620 v2 @ 2.60GHz | R56: 17745 | S56: Phoenix Technologies LTD 6.00 12/12/2018 | T56: VMware-42 36 eb fc a4 95 af 9d-2b b6 9f 8b 3f e3 d7 4a | U56: No Asset Tag | V56: '-03:00 | W56: Sep 17, 2024 | X56: root | Y56: QAGENT | Z56: df8827f7-52ec-41e5-a27c-810e454efc8a | AA56: Jan 31, 2025 | AB56: x86_64 | AC56: VM,SCA,PM | AD56: Cloud Agent | AE56: 1 | AF56: 168 | AG56: fceb3642-95a4-9daf-2bb6-9f8b3fe3d74a | AH56: Jan 31, 2025 | AI56: Cloud Agent,GRU-GERAL,GRU-CAT-Servidores
A57: 73046480 | B57: SPRDAPGLPIGRU01 | C57: 19079430 | D57: '- | E57: 00:50:56:b6:7b:11,00:50:56:b6:7b:11 | F57: 172.31.50.80 | G57: fe80:0:0:0:250:56ff:feb6:7b11 | H57: Linux / Unidentified | I57: Canonical Ubuntu Jammy Jellyfish 22.04 LTS 22.04.4 LTS | J57: 22.04 LTS | K57: GA | L57: Virtualized / Virtual Machine | M57: VMware VMware Virtual Platform VMware Virtual Platform | N57: Unknown | O57: 4 | P57: 2600 | Q57: Intel(R) Xeon(R) CPU E5-4620 v2 @ 2.60GHz | R57: 7901 | S57: Phoenix Technologies LTD 6.00 12/12/2018 | T57: VMware-42 36 56 ab c3 8c 5e da-44 aa b2 3f 49 e2 b0 7e | U57: No Asset Tag | V57: '-03:00 | W57: Oct 22, 2024 | X57: root | Y57: QAGENT | Z57: e6491563-49d9-46d2-9ca1-7e9ace7b1780 | AA57: Jan 31, 2025 | AB57: x86_64 | AC57: VM,SCA,PM | AD57: Cloud Agent | AE57: 1 | AF57: 28 | AG57: ab563642-8cc3-da5e-44aa-b23f49e2b07e | AH57: Jan 31, 2025 | AI57: Cloud Agent,GRU-GERAL,GRU-CAT-Servidores
A58: 125441113 | B58: SPRDBDOTRSGRU01 | C58: 32427333 | D58: '- | E58: 00:50:56:b6:ec:ae | F58: 172.31.52.16 | H58: Linux / Unidentified | I58: Canonical Ubuntu Focal Fossa 20.04 LTS 20.04.6 LTS | J58: 20.04 LTS | K58: GA | L58: Virtualized / Virtual Machine | M58: VMware VMware Virtual Platform VMware Virtual Platform | N58: Unknown | O58: 8 | P58: 2400 | Q58: Intel(R) Xeon(R) CPU E5-4640 0 @ 2.40GHz | R58: 28038 | S58: Phoenix Technologies LTD 6.00 12/12/2018 | T58: VMware-42 36 b5 b1 e4 5a cd 24-61 77 19 7c 9e 8c 6d fd | U58: No Asset Tag | V58: '-03:00 | W58: Sep 30, 2024 | X58: root | Y58: QAGENT | Z58: 2e97fa0c-8ea7-480a-bae7-126cf5341459 | AA58: Jan 31, 2025 | AB58: x86_64 | AC58: VM,SCA,PM | AD58: Cloud Agent | AE58: 1 | AF58: 166 | AG58: 4236b5b1-e45a-cd24-6177-197c9e8c6dfd | AH58: Jan 31, 2025 | AI58: Cloud Agent,GRU-GERAL,GRU-CAT-Servidores
A59: 113128634 | B59: shomapglpigru02 | C59: 29120597 | D59: '- | E59: 00:50:56:8a:7e:2b,00:50:56:8a:7e:2b | F59: 10.36.52.118 | G59: fe80:0:0:0:250:56ff:fe8a:7e2b | H59: Linux / Unidentified | I59: Canonical Ubuntu Jammy Jellyfish 22.04 LTS 22.04.5 LTS | J59: 22.04 LTS | K59: GA | L59: Virtualized / Virtual Machine | M59: VMware VMware Virtual Platform VMware Virtual Platform | N59: Unknown | O59: 8 | P59: 2100 | Q59: Intel(R) Xeon(R) CPU E5-2620 v2 @ 2.10GHz | R59: 15954 | S59: Phoenix Technologies LTD 6.00 09/19/2018 | T59: VMware-42 0a 51 56 cb ae 6f 19-67 28 eb a6 05 ec 15 36 | U59: No Asset Tag | V59: '-03:00 | W59: May 17, 2024 | X59: root | Y59: QAGENT | Z59: f33509fc-ac34-4f04-85c0-fd9965fbaf24 | AA59: Jan 31, 2025 | AB59: x86_64 | AC59: VM,SCA,PM | AD59: Cloud Agent | AE59: 1 | AF59: 127 | AG59: 56510a42-aecb-196f-6728-eba605ec1536 | AH59: Jan 31, 2025 | AI59: Cloud Agent,GRU-GERAL,GRU-CAT-Servidores
A60: 19529455 | B60: SPRDAPIAMGRU09 | C60: 7239441 | D60: SPRDAPIAMGRU09 | E60: 00:50:56:B6:06:B7 | F60: 172.31.50.213 | H60: Windows / Server | I60: Microsoft Windows Server 2016 Standard 1607 Build 14393.6452 64-Bit | J60: 1607 | K60: EOL | L60: Virtualized / Virtual Machine | M60: VMware VMware Virtual Platform VMware Virtual Platform | N60: Unknown | O60: 4 | P60: 2400 | Q60: Intel(R) Xeon(R) CPU E5-4640 0 @ 2.40GHz | R60: 16383 | S60: Phoenix Technologies LTD 6.00 | T60: VMware-42 36 54 83 af 08 67 3b-de cb 78 8b e3 02 bc e6 | U60: NoAssetTag | V60: '-03:00 | W60: Feb 7, 2024 | X60: GRU\cleber.malaquias | Y60: QAGENT | Z60: 2f7332b4-dabb-460f-9dd6-544edfd588d6 | AA60: Jan 31, 2025 | AB60: 64-bit | AC60: VM,SCA,PM | AD60: Cloud Agent | AE60: 2 | AF60: 346 | AG60: 83543642-08AF-3B67-DECB-788BE302BCE6 | AH60: Jan 31, 2025 | AI60: Cloud Agent,GRU_ACN_2-Menor,GRU-GERAL,GRU_CAT_ACN-IAM
A61: 24610306 | B61: SHOMBDOTRSGRU01 | C61: 7971674 | D61: '- | E61: 00:50:56:8a:4c:68 | F61: 10.36.52.128 | H61: Linux / Unidentified | I61: Canonical Ubuntu Focal Fossa 20.04 LTS 20.04.6 LTS | J61: 20.04 LTS | K61: GA | L61: Virtualized / Virtual Machine | M61: VMware VMware Virtual Platform VMware Virtual Platform | N61: Unknown | O61: 8 | P61: 2100 | Q61: Intel(R) Xeon(R) CPU E5-2620 v2 @ 2.10GHz | R61: 24006 | S61: Phoenix Technologies LTD 6.00 09/19/2018 | T61: VMware-42 0a a2 08 b8 c4 f3 3a-97 34 da 80 47 70 73 86 | U61: No Asset Tag | V61: '-03:00 | W61: Jul 25, 2024 | X61: sysgru | Y61: QAGENT | Z61: 0dad148a-fe0b-42fe-938a-43c6407efe89 | AA61: Jan 31, 2025 | AB61: x86_64 | AC61: VM,SCA,PM | AD61: Cloud Agent | AE61: 1 | AF61: 167 | AG61: 420aa208-b8c4-f33a-9734-da8047707386 | AH61: Jan 31, 2025 | AI61: Cloud Agent,GRU-GERAL,GRU-CAT-Servidores
A62: 25317635 | B62: SUATBDORAGRU01 | C62: 8132220 | D62: '- | E62: 00:50:56:8a:02:ae | F62: 10.36.52.144 | H62: Linux / Server | I62: Red Hat Enterprise Linux 8 8.10 | J62: 8.10 | K62: GA | L62: Virtualized / Virtual Machine | M62: VMware VMware Virtual Platform VMware Virtual Platform | N62: Unknown | O62: 4 | P62: 2100 | Q62: Intel(R) Xeon(R) CPU E5-2620 v2 @ 2.10GHz | R62: 7697 | S62: Phoenix Technologies LTD 6.00 09/19/2018 | T62: VMware-42 0a 9f ab f0 61 20 8a-34 22 99 02 c4 a5 08 6c | U62: No Asset Tag | V62: '-05:00 | W62: Aug 6, 2024 | X62: sysgru | Y62: QAGENT | Z62: ce6fc158-ab65-4f26-ada8-db08da22ac16 | AA62: Jan 31, 2025 | AB62: x86_64 | AC62: VM,SCA,PM | AD62: Cloud Agent | AE62: 1 | AF62: 171 | AG62: ab9f0a42-61f0-8a20-3422-9902c4a5086c | AH62: Jan 31, 2025 | AI62: Cloud Agent,GRU-GERAL,GRU-CAT-Servidores
A63: 37976406 | B63: SHOMRMAGRU01 | C63: 10436612 | D63: '- | E63: 00:50:56:8a:8c:d1,00:50:56:8a:8c:d1 | F63: 10.36.52.19 | G63: fe80:0:0:0:250:56ff:fe8a:8cd1 | H63: Linux / Unidentified | I63: Canonical Ubuntu Jammy Jellyfish 22.04 LTS 22.04.5 LTS | J63: 22.04 LTS | K63: GA | L63: Virtualized / Virtual Machine | M63: VMware VMware Virtual Platform VMware Virtual Platform | N63: Unknown | O63: 4 | P63: 2100 | Q63: Intel(R) Xeon(R) CPU E5-2620 v2 @ 2.10GHz | R63: 7901 | S63: Phoenix Technologies LTD 6.00 09/19/2018 | T63: VMware-42 0a 28 0f 2d 95 04 d9-12 92 11 db 46 f5 a0 76 | U63: No Asset Tag | V63: '-03:00 | W63: Jul 31, 2024 | X63: root | Y63: QAGENT | Z63: bb602ff5-1e1d-4827-bf5a-9504413291db | AA63: Jan 31, 2025 | AB63: x86_64 | AC63: VM,SCA,PM | AD63: Cloud Agent | AE63: 1 | AF63: 124 | AG63: 0f280a42-952d-d904-1292-11db46f5a076 | AH63: Jan 31, 2025 | AI63: Cloud Agent,GRU-GERAL,GRU-CAT-Servidores
A64: 24396892 | B64: SHOMRMAGRU05 | C64: 7916909 | D64: '- | E64: 00:50:56:8a:27:f2,00:50:56:8a:27:f2 | F64: 10.36.52.21 | G64: fe80:0:0:0:250:56ff:fe8a:27f2 | H64: Linux / Unidentified | I64: Canonical Ubuntu Jammy Jellyfish 22.04 LTS 22.04.5 LTS | J64: 22.04 LTS | K64: GA | L64: Virtualized / Virtual Machine | M64: VMware VMware Virtual Platform VMware Virtual Platform | N64: Unknown | O64: 4 | P64: 2100 | Q64: Intel(R) Xeon(R) CPU E5-2620 v2 @ 2.10GHz | R64: 7901 | S64: Phoenix Technologies LTD 6.00 09/19/2018 | T64: VMware-42 0a 7a ba 33 49 1c f3-40 0f 9b a0 6e 14 f6 94 | U64: No Asset Tag | V64: '-03:00 | W64: Jul 31, 2024 | X64: root | Y64: QAGENT | Z64: bfad96a2-8f38-4df4-b057-9091415e7d9a | AA64: Jan 31, 2025 | AB64: x86_64 | AC64: VM,SCA,PM | AD64: Cloud Agent | AE64: 1 | AF64: 124 | AG64: ba7a0a42-4933-f31c-400f-9ba06e14f694 | AH64: Jan 31, 2025 | AI64: Cloud Agent,GRU-GERAL,GRU-CAT-Servidores
A65: 24393577 | B65: SHOMRMAGRU04 | C65: 7908918 | D65: '- | E65: 00:50:56:8a:44:27,00:50:56:8a:44:27 | F65: 10.36.52.17 | G65: fe80:0:0:0:250:56ff:fe8a:4427 | H65: Linux / Unidentified | I65: Canonical Ubuntu Jammy Jellyfish 22.04 LTS 22.04.5 LTS | J65: 22.04 LTS | K65: GA | L65: Virtualized / Virtual Machine | M65: VMware VMware Virtual Platform VMware Virtual Platform | N65: Unknown | O65: 4 | P65: 2100 | Q65: Intel(R) Xeon(R) CPU E5-2620 v2 @ 2.10GHz | R65: 7901 | S65: Phoenix Technologies LTD 6.00 09/19/2018 | T65: VMware-42 0a 75 49 79 b5 5b 93-27 14 ac aa e4 71 1d 45 | U65: No Asset Tag | V65: '-03:00 | W65: Jul 31, 2024 | X65: root | Y65: QAGENT | Z65: ede422b7-0138-46e6-acc1-cf637ad2aeea | AA65: Jan 31, 2025 | AB65: x86_64 | AC65: VM,SCA,PM | AD65: Cloud Agent | AE65: 1 | AF65: 124 | AG65: 49750a42-b579-935b-2714-acaae4711d45 | AH65: Jan 31, 2025 | AI65: Cloud Agent,GRU-GERAL,GRU-CAT-Servidores
A66: 23924225 | B66: SPRDAPSCOGRU02 | C66: 7795159 | D66: SPRDAPSCOGRU02 | E66: 00:50:56:9D:0A:E2 | F66: 172.31.49.218 | H66: Windows / Server | I66: Microsoft Windows Server 2008 R2 Enterprise 6.1 SP1 Build 7601.24055 64-Bit | J66: 6.1 | K66: EOL/EOS | L66: Virtualized / Virtual Machine | M66: VMware VMware Virtual Platform VMware Virtual Platform | N66: Unknown | O66: 4 | P66: 2400 | Q66: Intel(R) Xeon(R) CPU E5-4640 0 @ 2.40GHz | R66: 8191 | S66: Phoenix Technologies LTD 6.00 | T66: VMware-42 1d 8b 54 fe ab 81 81-d4 76 c2 ce f9 09 3a f1 | U66: NoAssetTag | V66: '-03:00 | W66: Oct 14, 2023 | X66: Administrator | Y66: QAGENT | Z66: 6d597d4f-75d5-4475-9223-7ac0e3c7a73b | AA66: Jan 31, 2025 | AB66: 64-bit | AC66: VM,SCA,PM | AD66: Cloud Agent | AE66: 1 | AF66: 174 | AG66: 548B1D42-ABFE-8181-D476-C2CEF9093AF1 | AH66: Jan 31, 2025 | AI66: Cloud Agent,GRU-GERAL,GRU-CAT-Servidores
A67: 16147588 | B67: SHOMAPHSEGRU01 | C67: 6313037 | D67: SHOMAPHSEGRU01 | E67: 00:50:56:A1:C4:21 | F67: 10.36.52.55 | H67: Windows / Server | I67: Microsoft Windows Server 2016 Datacenter 1607 Build 14393.2273 64-Bit | J67: 1607 | K67: EOL | L67: Virtualized / Virtual Machine | M67: VMware VMware Virtual Platform VMware Virtual Platform | N67: Unknown | O67: 4 | P67: 2100 | Q67: Intel(R) Xeon(R) CPU E5-2620 v2 @ 2.10GHz | R67: 8192 | S67: Phoenix Technologies LTD 6.00 | T67: VMware-56 4d 8f 9a c9 a7 ff cb-6d fc 9f 77 d4 90 0f 77 | U67: NoAssetTag | V67: '-03:00 | W67: Jan 2, 2025 | X67: GRU\cleber.malaquias | Y67: QAGENT | Z67: fc546f52-d99c-42dd-b963-22fe9b9ba5b5 | AA67: Jan 31, 2025 | AB67: 64-bit | AC67: VM,SCA,PM | AD67: Cloud Agent | AE67: 1 | AF67: 174 | AG67: 9a8f4d56-a7c9-cbff-6dfc-9f77d4900f77 | AH67: Jan 31, 2025 | AI67: Cloud Agent,GRU-GERAL,GRU-CAT-Servidores
A68: 96348056 | B68: sprdapecgru03 | C68: 24779246 | D68: '- | E68: 54:9f:35:73:0b:95,54:9f:35:73:0b:95 | F68: 172.31.49.154 | G68: fe80:0:0:0:569f:35ff:fe73:b95 | H68: Linux / Server | I68: Red Hat Enterprise Linux Server 6 6.6 | J68: 6.6 | K68: EOL/EOS | L68: Computers / Server | M68: Dell PowerEdge M620 | N68: EOS | O68: 24 | P68: 2100 | Q68: Intel(R) Xeon(R) CPU E5-2620 v2 @ 2.10GHz | R68: 32062 | S68: Dell Inc. 2.4.3 07/02/2014 | T68: FM24012 | U68: '- | V68: '-03:00 | W68: Jul 26, 2023 | X68: root | Y68: QAGENT | Z68: 2be6c50b-9a89-40ea-b168-a7d28cc5bab4 | AA68: Jan 31, 2025 | AB68: x86_64 | AC68: VM,SCA,PM | AD68: Cloud Agent | AE68: 5 | AF68: 880 | AG68: 44454c4c-4d00-1032-8034-c6c04f303132 | AH68: Jan 31, 2025 | AI68: Cloud Agent,GRU_ACN_5-Catastrofico,GRU-GERAL,GRU_CAT_ACN-SAP
A69: 114357420 | B69: sprdapecgru06 | C69: 29393706 | D69: '- | E69: 54:9f:35:71:d9:55,54:9f:35:71:d9:55 | F69: 172.31.49.167 | G69: fe80:0:0:0:569f:35ff:fe71:d955 | H69: Linux / Server | I69: Red Hat Enterprise Linux Server 6 6.6 | J69: 6.6 | K69: EOL/EOS | L69: Computers / Server | M69: Dell PowerEdge M620 | N69: EOS | O69: 24 | P69: 2100 | Q69: Intel(R) Xeon(R) CPU E5-2620 v2 @ 2.10GHz | R69: 32062 | S69: Dell Inc. 2.4.3 07/02/2014 | T69: 6VC5012 | U69: '- | V69: '-03:00 | W69: Nov 8, 2023 | X69: root | Y69: QAGENT | Z69: f2340298-75c7-41fd-bc97-8fcf300f7dfe | AA69: Jan 31, 2025 | AB69: x86_64 | AC69: VM,SCA,PM | AD69: Cloud Agent | AE69: 5 | AF69: 880 | AG69: 44454c4c-5600-1043-8035-b6c04f303132 | AH69: Jan 31, 2025 | AI69: Cloud Agent,GRU_ACN_5-Catastrofico,GRU-GERAL,GRU_CAT_ACN-SAP
A70: 113517306 | B70: shomapgrfgru01 | C70: 29189740 | D70: '- | E70: 00:50:56:8a:ca:c9 | F70: 10.36.52.137 | H70: Linux / Unidentified | I70: Canonical Ubuntu Jammy Jellyfish 22.04 LTS 22.04.4 LTS | J70: 22.04 LTS | K70: GA | L70: Virtualized / Virtual Machine | M70: VMware VMware Virtual Platform VMware Virtual Platform | N70: Unknown | O70: 10 | P70: 2100 | Q70: Intel(R) Xeon(R) CPU E5-2620 v2 @ 2.10GHz | R70: 3876 | S70: Phoenix Technologies LTD 6.00 09/19/2018 | T70: VMware-42 0a 8e 52 32 1d 62 6e-11 d6 c3 6b a2 17 5a c1 | U70: No Asset Tag | V70: '-03:00 | W70: Jan 3, 2024 | X70: sysgru | Y70: QAGENT | Z70: 77638ca8-c254-435a-808c-6601658ab896 | AA70: Jan 31, 2025 | AB70: x86_64 | AC70: VM,SCA,PM | AD70: Cloud Agent | AE70: 1 | AF70: 172 | AG70: 528e0a42-1d32-6e62-11d6-c36ba2175ac1 | AH70: Jan 31, 2025 | AI70: Cloud Agent,GRU-GERAL,GRU-CAT-Servidores
A71: 109584129 | B71: sqasapecgru01 | C71: 28220523 | D71: '- | E71: 00:50:56:9d:9b:95,00:50:56:9d:9b:95 | F71: 172.31.52.105 | G71: fe80:0:0:0:250:56ff:fe9d:9b95 | H71: Linux / Server | I71: Red Hat Enterprise Linux Server 6 6.10 | J71: 6.10 | K71: EOL/EOS | L71: Virtualized / Virtual Machine | M71: VMware VMware Virtual Platform VMware Virtual Platform | N71: Unknown | O71: 4 | P71: 2200 | Q71: Intel(R) Xeon(R) CPU E5-2660 v2 @ 2.20GHz | R71: 48263 | S71: Phoenix Technologies LTD 6.00 04/14/2014 | T71: VMware-42 1d 26 82 c8 32 62 fe-36 69 8b f0 6e 00 07 55 | U71: No Asset Tag | V71: '-03:00 | W71: Jun 17, 2023 | X71: root | Y71: QAGENT | Z71: 04d93742-7531-40a2-affc-591b2be12717 | AA71: Jan 31, 2025 | AB71: x86_64 | AC71: VM,SCA,PM | AD71: Cloud Agent | AE71: 1 | AF71: 171 | AG71: 421D2682-C832-62FE-3669-8BF06E000755 | AH71: Jan 31, 2025 | AI71: Cloud Agent,GRU-GERAL,GRU-CAT-Servidores
A72: 84635668 | B72: SPRDZBGRU05 | C72: 21440814 | D72: '- | E72: 00:50:56:92:f2:1d,00:50:56:92:f2:1d | F72: 172.16.253.72 | G72: fe80:0:0:0:250:56ff:fe92:f21d | H72: Linux / Unidentified | I72: Canonical Ubuntu Noble Numbat 24.04 LTS 24.04.1 LTS | J72: 24.04 LTS | K72: GA | L72: Virtualized / Virtual Machine | M72: VMware VMware Virtual Platform VMware Virtual Platform | N72: Unknown | O72: 6 | P72: 2600 | Q72: Intel(R) Xeon(R) Gold 6348 CPU @ 2.60GHz | R72: 9897 | S72: VMware, Inc. VMW201.00V.20829224.B64.2211211842 11/21/2022 | T72: VMware-42 12 69 bd 53 0c ad 7f-58 fc 48 93 6b 98 3e 27 | U72: No Asset Tag | V72: '-03:00 | W72: Aug 20, 2024 | X72: root | Y72: QAGENT | Z72: e0347b17-4acb-450a-b5d6-bb3406973737 | AA72: Jan 31, 2025 | AB72: x86_64 | AC72: VM,SCA,PM | AD72: Cloud Agent | AE72: 4 | AF72: 475 | AG72: bd691242-0c53-7fad-58fc-48936b983e27 | AH72: Jan 31, 2025 | AI72: Cloud Agent,GRU_ACN_4-Perigoso,GRU-GERAL,GRU_CAT_ACN-INFRACRITICA
A73: 20345701 | B73: SPRDAPRPGRU12 | C73: 7416571 | D73: '- | E73: 00:50:56:a3:0f:f9,00:50:56:a3:0f:f9 | F73: 192.168.0.60 | G73: fe80:0:0:0:250:56ff:fea3:ff9 | H73: Linux / Unidentified | I73: Canonical Ubuntu Jammy Jellyfish 22.04 LTS 22.04.4 LTS | J73: 22.04 LTS | K73: GA | L73: Virtualized / Virtual Machine | M73: VMware VMware Virtual Platform VMware Virtual Platform | N73: Unknown | O73: 2 | P73: 2600 | Q73: Intel(R) Xeon(R) Gold 6348 CPU @ 2.60GHz | R73: 7901 | S73: Phoenix Technologies LTD 6.00 11/12/2020 | T73: VMware-42 23 66 43 74 59 84 70-df 57 62 1e 8a 2e 2f 6b | U73: No Asset Tag | V73: '-03:00 | W73: Oct 10, 2024 | X73: root | Y73: QAGENT | Z73: fad6c989-8297-42d9-aa68-b716ca8b61d0 | AA73: Jan 31, 2025 | AB73: x86_64 | AC73: VM,SCA,PM | AD73: Cloud Agent | AE73: 4 | AF73: 116 | AG73: 43662342-5974-7084-df57-621e8a2e2f6b | AH73: Jan 31, 2025 | AI73: Cloud Agent,GRU_ACN_4-Perigoso,GRU-GERAL,GRU_CAT_ACN-CMS
A74: 96354978 | B74: sprdapecgru05 | C74: 24780887 | D74: '- | E74: 54:9f:35:71:d9:48,54:9f:35:71:d9:48 | F74: 172.31.49.166 | G74: fe80:0:0:0:569f:35ff:fe71:d948 | H74: Linux / Server | I74: Red Hat Enterprise Linux Server 6 6.6 | J74: 6.6 | K74: EOL/EOS | L74: Computers / Server | M74: Dell PowerEdge M620 | N74: EOS | O74: 24 | P74: 2100 | Q74: Intel(R) Xeon(R) CPU E5-2620 v2 @ 2.10GHz | R74: 32062 | S74: Dell Inc. 2.4.3 07/02/2014 | T74: GM24012 | U74: '- | V74: '-03:00 | W74: Aug 30, 2024 | X74: root | Y74: QAGENT | Z74: adf9bbdf-cecb-4613-8235-83c61a8b8730 | AA74: Jan 31, 2025 | AB74: x86_64 | AC74: VM,SCA,PM | AD74: Cloud Agent | AE74: 5 | AF74: 880 | AG74: 44454c4c-4d00-1032-8034-c7c04f303132 | AH74: Jan 31, 2025 | AI74: Cloud Agent,GRU_ACN_5-Catastrofico,GRU-GERAL,GRU_CAT_ACN-SAP
A75: 80230120 | B75: shomdbdotrsgru02 | C75: 20283295 | D75: '- | E75: 00:50:56:8a:a5:a7,00:50:56:8a:a5:a7 | F75: 10.36.52.126 | G75: fe80:0:0:0:250:56ff:fe8a:a5a7 | H75: Linux / Unidentified | I75: Canonical Ubuntu Focal Fossa 20.04 LTS 20.04.6 LTS | J75: 20.04 LTS | K75: GA | L75: Virtualized / Virtual Machine | M75: VMware VMware Virtual Platform VMware Virtual Platform | N75: Unknown | O75: 8 | P75: 2100 | Q75: Intel(R) Xeon(R) CPU E5-2620 v2 @ 2.10GHz | R75: 11934 | S75: Phoenix Technologies LTD 6.00 09/19/2018 | T75: VMware-42 0a 04 51 43 99 a3 a0-11 b8 8d be 25 c0 90 9d | U75: No Asset Tag | V75: UTC | W75: Aug 6, 2024 | X75: sysgru | Y75: QAGENT | Z75: 5b42fe93-f3ac-42d8-9dd0-9d584114237b | AA75: Jan 31, 2025 | AB75: x86_64 | AC75: VM,SCA,PM | AD75: Cloud Agent | AE75: 1 | AF75: 164 | AG75: 51040a42-9943-a0a3-11b8-8dbe25c0909d | AH75: Jan 31, 2025 | AI75: Cloud Agent,GRU-GERAL,GRU-CAT-Servidores
A76: 25633289 | B76: SPRDAPBHSGRU03 | C76: 8188362 | D76: SPRDAPBHSGRU03 | E76: 00:50:56:B6:FA:98 | F76: 172.31.50.219 | H76: Windows / Server | I76: Microsoft Windows Server 2019 Standard 1809 Build 17763.3113 64-Bit | J76: 1809 | K76: EOL | L76: Virtualized / Virtual Machine | M76: VMware VMware Virtual Platform VMware Virtual Platform | N76: Unknown | O76: 4 | P76: 2400 | Q76: Intel(R) Xeon(R) CPU E5-4640 0 @ 2.40GHz | R76: 8191 | S76: Phoenix Technologies LTD 6.00 | T76: VMware-42 36 66 37 49 f7 75 73-29 c1 c6 0d c7 ac 7f fb | U76: NoAssetTag | V76: '-03:00 | W76: Nov 18, 2023 | X76: GRU\luiz.moura.t | Y76: QAGENT | Z76: 2ac94118-3bab-4363-b9cd-53a353cf4884 | AA76: Jan 31, 2025 | AB76: 64-bit | AC76: VM,SCA,PM | AD76: Cloud Agent | AE76: 1 | AF76: 172 | AG76: 37663642-F749-7375-29C1-C60DC7AC7FFB | AH76: Jan 31, 2025 | AI76: Cloud Agent,GRU-GERAL,GRU-CAT-Servidores
A77: 118289154 | B77: sprdapgfngru02 | C77: 32350691 | D77: '- | E77: 00:50:56:a3:ef:e1,00:50:56:a3:ef:e1 | F77: 172.16.253.82 | G77: fe80:0:0:0:250:56ff:fea3:efe1 | H77: Linux / Unidentified | I77: Canonical Ubuntu Focal Fossa 20.04 LTS 20.04.3 LTS | J77: 20.04 LTS | K77: GA | L77: Virtualized / Virtual Machine | M77: VMware VMware Virtual Platform VMware Virtual Platform | N77: Unknown | O77: 4 | P77: 2600 | Q77: Intel(R) Xeon(R) Gold 6348 CPU @ 2.60GHz | R77: 11934 | S77: Phoenix Technologies LTD 6.00 11/12/2020 | T77: VMware-42 23 c7 b6 8e 40 36 50-6d 44 a1 2b ce 2f ff 66 | U77: No Asset Tag | V77: '-03:00 | W77: Nov 26, 2024 | X77: root | Y77: QAGENT | Z77: 2193ffed-1284-4e90-9d9c-21471d7ba34d | AA77: Jan 31, 2025 | AB77: x86_64 | AC77: VM,SCA,PM | AD77: Cloud Agent | AE77: 4 | AF77: 102 | AG77: b6c72342-408e-5036-6d44-a12bce2fff66 | AH77: Jan 31, 2025 | AI77: Cloud Agent,GRU_ACN_4-Perigoso,GRU-GERAL,GRU_CAT_ACN-INFRACRITICA
A78: 109828801 | B78: SPRDAPVPRGRU02 | C78: 28345070 | D78: '- | E78: 00:50:56:a3:05:5c,00:50:56:a3:05:5c | F78: 172.31.62.194 | G78: fe80:0:0:0:250:56ff:fea3:55c | H78: Linux / Server | I78: SUSE Linux Enterprise Server 12 12 SP5 | J78: 12 | K78: EOL | L78: Virtualized / Virtual Machine | M78: VMware VMware Virtual Platform VMware Virtual Platform | N78: Unknown | O78: 4 | P78: 2100 | Q78: Intel(R) Xeon(R) Platinum 8176 CPU @ 2.10GHz | R78: 7858 | S78: Phoenix Technologies LTD 6.00 11/12/2020 | T78: VMware-42 23 d7 19 08 47 ff c3-96 19 0e 9c 95 4a 7c 90 | U78: No Asset Tag | V78: '-03:00 | W78: Aug 9, 2024 | X78: admin | Y78: QAGENT | Z78: 819182ca-3022-4208-addf-50454db2fa19 | AA78: Jan 31, 2025 | AB78: x86_64 | AC78: VM,SCA,PM | AD78: Cloud Agent | AE78: 1 | AF78: 168 | AG78: 4223D719-0847-FFC3-9619-0E9C954A7C90 | AH78: Jan 31, 2025 | AI78: Cloud Agent,GRU-GERAL,GRU-CAT-Servidores
A79: 20117024 | B79: SPRDBKPPSTGRU01 | C79: 7363869 | D79: SPRDBKPPSTGRU01 | E79: 00:50:56:B6:7F:1E,00:50:56:B6:7F:1E | F79: 172.31.50.192 | G79: fe80:0:0:0:c9e9:1641:2eb9:4d0a | H79: Windows / Server | I79: Microsoft Windows Server 2022 Standard 21H2 Build 20348.2322 64-Bit | J79: 21H2 | K79: GA | L79: Virtualized / Virtual Machine | M79: VMware VMware Virtual Platform VMware Virtual Platform | N79: Unknown | O79: 4 | P79: 2400 | Q79: Intel(R) Xeon(R) CPU E5-4640 0 @ 2.40GHz | R79: 8192 | S79: Phoenix Technologies LTD 6.00 | T79: VMware-42 36 5a d3 79 5d 85 f9-8e b0 82 0c 13 4e 53 4e | U79: NoAssetTag | V79: '-03:00 | W79: Mar 9, 2024 | X79: GRU\sistemas.gru | Y79: QAGENT | Z79: abca2d73-619c-4390-9136-317e7df17236 | AA79: Jan 31, 2025 | AB79: 64-bit | AC79: VM,SCA,PM | AD79: Cloud Agent | AE79: 1 | AF79: 172 | AG79: D35A3642-5D79-F985-8EB0-820C134E534E | AH79: Jan 31, 2025 | AI79: Cloud Agent,GRU-GERAL,GRU-CAT-Servidores
A80: 107645900 | B80: GRU-TI-26TM6W1 | C80: 27754778 | D80: GRU-TI-26TM6W1 | E80: 74:86:7A:71:BC:FB,74:86:7A:71:BC:FB | F80: 172.31.157.4 | G80: fe80:0:0:0:2991:ced2:fa17:a4f7 | H80: Windows / Client | I80: Microsoft Windows 10 Pro 22H2 Build 19045.3803 64-Bit | J80: 22H2 | K80: GA | L80: Computers / Notebook | M80: Dell Latitude E6330 | N80: EOS | O80: 4 | P80: 3001 | Q80: Intel(R) Core(TM) i7-3540M CPU @ 3.00GHz | R80: 8064 | S80: Dell Inc. A09 | T80: 26TM6W1 | U80: '- | V80: '-03:00 | W80: Jan 14, 2025 | X80: GRU\daniel.leite | Y80: QAGENT | Z80: 00f5f370-36f7-4810-9d8c-e5d4986fd2c0 | AA80: Jan 31, 2025 | AB80: 64 bits | AC80: VM,SCA,PM | AD80: Cloud Agent | AE80: 1 | AF80: 174 | AG80: 4C4C4544-0036-5410-804D-B2C04F365731 | AH80: Jan 31, 2025 | AI80: Cloud Agent,GRU-GERAL,GRU-CAT-Workstation
A81: 17747957 | B81: shomapotrsgru01 | C81: 6685487 | D81: '- | E81: 00:50:56:8a:78:48 | F81: 10.36.52.49 | H81: Linux / Unidentified | I81: Canonical Ubuntu Focal Fossa 20.04 LTS 20.04.6 LTS | J81: 20.04 LTS | K81: GA | L81: Virtualized / Virtual Machine | M81: VMware VMware Virtual Platform VMware Virtual Platform | N81: Unknown | O81: 8 | P81: 2100 | Q81: Intel(R) Xeon(R) CPU E5-2620 v2 @ 2.10GHz | R81: 13950 | S81: Phoenix Technologies LTD 6.00 09/19/2018 | T81: VMware-42 0a 40 c5 cf 09 39 2a-e4 ad 48 91 46 fc 99 06 | U81: No Asset Tag | V81: '-03:00 | W81: Aug 6, 2024 | X81: sysgru | Y81: QAGENT | Z81: de72dd05-b353-465a-974e-83e1766205db | AA81: Jan 31, 2025 | AB81: x86_64 | AC81: VM,SCA,PM | AD81: Cloud Agent | AE81: 1 | AF81: 119 | AG81: 420a40c5-cf09-392a-e4ad-489146fc9906 | AH81: Jan 31, 2025 | AI81: Cloud Agent,GRU-GERAL,GRU-CAT-Servidores
A82: 84636072 | B82: SPRDZBGRU04 | C82: 21440811 | D82: '- | E82: 00:50:56:92:65:6a,00:50:56:92:65:6a | F82: 172.16.253.71 | G82: fe80:0:0:0:250:56ff:fe92:656a | H82: Linux / Unidentified | I82: Canonical Ubuntu Noble Numbat 24.04 LTS 24.04.1 LTS | J82: 24.04 LTS | K82: GA | L82: Virtualized / Virtual Machine | M82: VMware VMware Virtual Platform VMware Virtual Platform | N82: Unknown | O82: 4 | P82: 2600 | Q82: Intel(R) Xeon(R) Gold 6348 CPU @ 2.60GHz | R82: 5877 | S82: VMware, Inc. VMW201.00V.20829224.B64.2211211842 11/21/2022 | T82: VMware-42 12 80 7d 35 06 4d 2a-f6 95 5c fa 91 05 a2 d5 | U82: No Asset Tag | V82: '-03:00 | W82: Aug 20, 2024 | X82: root | Y82: QAGENT | Z82: 7b0e8f0d-0118-42d0-97f1-6b99edec0db1 | AA82: Jan 31, 2025 | AB82: x86_64 | AC82: VM,SCA,PM | AD82: Cloud Agent | AE82: 4 | AF82: 475 | AG82: 7d801242-0635-2a4d-f695-5cfa9105a2d5 | AH82: Jan 31, 2025 | AI82: Cloud Agent,GRU_ACN_4-Perigoso,GRU-GERAL,GRU_CAT_ACN-INFRACRITICA
A83: 29240208 | B83: SPRDAPIHSGRU02 | C83: 8738651 | D83: '- | E83: 00:50:56:a3:fd:17,52:54:00:be:05:e1 | F83: 192.168.0.41,192.168.122.1 | H83: Linux / Server | I83: Red Hat Enterprise Linux 8 8.3 | J83: 8.3 | K83: EOL/EOS | L83: Virtualized / Virtual Machine | M83: VMware VMware Virtual Platform VMware Virtual Platform | N83: Unknown | O83: 2 | P83: 2600 | Q83: Intel(R) Xeon(R) Gold 6348 CPU @ 2.60GHz | R83: 7741 | S83: Phoenix Technologies LTD 6.00 11/12/2020 | T83: VMware-42 23 e6 de 02 70 82 0a-a8 3c 9b 50 7f 74 c8 c9 | U83: No Asset Tag | V83: '-03:00 | W83: Oct 3, 2024 | X83: admin | Y83: QAGENT | Z83: d846ba60-085e-4384-9885-ebbe03cc0f59 | AA83: Jan 31, 2025 | AB83: x86_64 | AC83: VM,SCA,PM | AD83: Cloud Agent | AE83: 4 | AF83: 685 | AG83: dee62342-7002-0a82-a83c-9b507f74c8c9 | AH83: Jan 31, 2025 | AI83: Cloud Agent,GRU_ACN_4-Perigoso,GRU-GERAL,GRU_CAT_ACN-BROKER
A84: 101470288 | B84: SPRDAPCUPSGRU04 | C84: 26034997 | D84: '- | E84: 00:50:56:a3:22:3b | F84: 172.31.49.209 | H84: Linux / Server | I84: Red Hat Enterprise Linux 9 9.5 | J84: 9.5 | K84: GA | L84: Virtualized / Virtual Machine | M84: VMware VMware Virtual Platform VMware Virtual Platform | N84: Unknown | O84: 4 | P84: 2600 | Q84: Intel(R) Xeon(R) Gold 6348 CPU @ 2.60GHz | R84: 5635 | S84: VMware, Inc. VMW201.00V.20829224.B64.2211211842 11/21/2022 | T84: VMware-42 23 bc 9a 09 59 bc de-74 45 47 5d 18 11 e6 75 | U84: No Asset Tag | V84: '-03:00 | W84: Dec 25, 2024 | X84: sysgru | Y84: QAGENT | Z84: 4730c954-8b43-43c4-bcd4-dcef265bf49a | AA84: Jan 31, 2025 | AB84: x86_64 | AC84: VM,SCA,PM | AD84: Cloud Agent | AE84: 5 | AF84: 167 | AG84: 9abc2342-5909-debc-7445-475d1811e675 | AH84: Jan 31, 2025 | AI84: Cloud Agent,GRU_ACN_5-Catastrofico,GRU-GERAL,GRU_CAT_ACN-CMS
A85: 55978965 | B85: TEST-AMS-WEB01 | C85: 13410838 | D85: TEST-AMS-WEB01 | E85: 00:50:56:8A:5E:34 | F85: 10.36.52.68 | H85: Windows / Server | I85: Microsoft Windows Server 2019 Standard 1809 Build 17763.6659 64-Bit | J85: 1809 | K85: EOL | L85: Virtualized / Virtual Machine | M85: VMware VMware Virtual Platform VMware Virtual Platform | N85: Unknown | O85: 3 | P85: 2100 | Q85: Intel(R) Xeon(R) CPU E5-2620 v2 @ 2.10GHz | R85: 10239 | S85: Phoenix Technologies LTD 6.00 | T85: VMware-42 0a 94 55 3a 72 7d cd-a0 b8 7c c2 24 79 d9 48 | U85: NoAssetTag | V85: '-03:00 | W85: Dec 18, 2024 | X85: GRU\sistemas.gru | Y85: QAGENT | Z85: bc01664a-c413-4615-9650-b398cf8c4ab3 | AA85: Jan 31, 2025 | AB85: 64-bit | AC85: VM,SCA,PM | AD85: Cloud Agent | AE85: 1 | AF85: 168 | AG85: 55940A42-723A-CD7D-A0B8-7CC22479D948 | AH85: Jan 31, 2025 | AI85: Cloud Agent,GRU-GERAL,GRU-CAT-Servidores
A86: 125445207 | B86: sprdotrsgru01 | C86: 32426144 | D86: '- | E86: 00:50:56:b6:30:13 | F86: 172.31.52.49 | H86: Linux / Unidentified | I86: Canonical Ubuntu Focal Fossa 20.04 LTS 20.04.6 LTS | J86: 20.04 LTS | K86: GA | L86: Virtualized / Virtual Machine | M86: VMware VMware Virtual Platform VMware Virtual Platform | N86: Unknown | O86: 8 | P86: 2400 | Q86: Intel(R) Xeon(R) CPU E5-4640 0 @ 2.40GHz | R86: 24006 | S86: Phoenix Technologies LTD 6.00 12/12/2018 | T86: VMware-42 36 f7 12 d6 1b d8 51-3d 3f bd 17 86 a0 0c b8 | U86: No Asset Tag | V86: '-03:00 | W86: Sep 27, 2024 | X86: root | Y86: QAGENT | Z86: 5bfff3ea-a4ac-45e4-81d2-795998e40b3a | AA86: Jan 31, 2025 | AB86: x86_64 | AC86: VM,SCA,PM | AD86: Cloud Agent | AE86: 1 | AF86: 24 | AG86: 4236f712-d61b-d851-3d3f-bd1786a00cb8 | AH86: Jan 31, 2025 | AI86: Cloud Agent,GRU-GERAL,GRU-CAT-Servidores
A87: 20255166 | B87: SPRDAPSAFGRU02 | C87: 7389601 | D87: SPRDAPSAFGRU02 | E87: 00:50:56:9D:BF:24,00:50:56:A3:97:83,00:50:56:A3:97:83 | F87: 172.31.7.51,172.31.62.51 | G87: fe80:0:0:0:71f8:71d7:1bb3:96f7 | H87: Windows / Server | I87: Microsoft Windows Server 2016 Standard 1607 Build 14393.5501 | J87: 1607 | K87: EOL | L87: Virtualized / Virtual Machine | M87: VMware VMware Virtual Platform VMware Virtual Platform | N87: Unknown | O87: 4 | P87: 2594 | Q87: Intel(R) Xeon(R) Gold 6348 CPU @ 2.60GHz | R87: 16383 | S87: Phoenix Technologies LTD 6.00 | T87: VMware-42 1d 41 10 4b 9a fb 7f-8e 87 58 0f 1c 58 0b 25 | U87: NoAssetTag | V87: '-03:00 | W87: Jan 16, 2025 | X87: GRU\marcus.batista | Y87: QAGENT | Z87: eb2c2c15-f00f-4179-bbfa-bf98964376f8 | AA87: Jan 31, 2025 | AB87: 64-bit | AC87: VM,SCA,PM | AD87: Cloud Agent | AE87: 1 | AF87: 171 | AG87: 10411D42-9A4B-7FFB-8E87-580F1C580B25 | AH87: Jan 31, 2025 | AI87: Cloud Agent,GRU-GERAL,GRU-CAT-Servidores
A88: 20876531 | B88: SHOMBDGRU01 | C88: 7474011 | D88: SHOMBDGRU01 | E88: 00:50:56:A1:C3:0B,00:50:56:A1:C3:0B | F88: 10.36.52.12 | G88: fe80:0:0:0:d58a:f6ab:e6a7:d58e | H88: Windows / Server | I88: Microsoft Windows Server 2016 Datacenter 1607 Build 14393.2273 64-Bit | J88: 1607 | K88: EOL | L88: Virtualized / Virtual Machine | M88: VMware VMware Virtual Platform VMware Virtual Platform | N88: Unknown | O88: 3 | P88: 2100 | Q88: Intel(R) Xeon(R) CPU E5-2620 v2 @ 2.10GHz | R88: 61440 | S88: Phoenix Technologies LTD 6.00 | T88: VMware-56 4d 4b 13 6e 5b 9b 7e-71 6b 25 72 29 b6 fe 56 | U88: NoAssetTag | V88: '-03:00 | W88: Jan 3, 2024 | X88: GRU\eduardo.silva.t | Y88: QAGENT | Z88: 169e1cc1-f404-466c-abb8-19ed02d4a4b4 | AA88: Jan 31, 2025 | AB88: 64-bit | AC88: VM,SCA,PM | AD88: Cloud Agent | AE88: 1 | AF88: 176 | AG88: 134B4D56-5B6E-7E9B-716B-257229B6FE56 | AH88: Jan 31, 2025 | AI88: Cloud Agent,GRU-GERAL,GRU-CAT-Servidores
A89: 19457197 | B89: SPRDAPATEGRU01 | C89: 7221849 | D89: SPRDAPATEGRU01 | E89: 00:50:56:9D:78:25 | F89: 172.31.50.233 | H89: Windows / Server | I89: Microsoft Windows Server 2016 Datacenter 1607 Build 14393.7699 64-Bit | J89: 1607 | K89: EOL | L89: Virtualized / Virtual Machine | M89: VMware VMware Virtual Platform VMware Virtual Platform | N89: Unknown | O89: 6 | P89: 2400 | Q89: Intel(R) Xeon(R) CPU E5-4640 0 @ 2.40GHz | R89: 12287 | S89: Phoenix Technologies LTD 6.00 | T89: VMware-42 1d 27 78 ca 0f dc e8-69 62 27 2f aa d4 48 43 | U89: NoAssetTag | V89: '-03:00 | W89: Jan 24, 2025 | X89: GRU\sistemas.gru | Y89: QAGENT | Z89: 6472cbfb-71e0-4e82-b008-d34c4c0b707e | AA89: Jan 31, 2025 | AB89: 64-bit | AC89: VM,SCA,PM | AD89: Cloud Agent | AE89: 1 | AF89: 173 | AG89: 78271D42-0FCA-E8DC-6962-272FAAD44843 | AH89: Jan 31, 2025 | AI89: Cloud Agent,GRU-GERAL,GRU-CAT-Servidores
A90: 37066476 | B90: SPRDAPGWBIGRU03 | C90: 10184186 | D90: SPRDAPGWBIGRU03 | E90: 00:50:56:B6:88:61 | F90: 172.31.50.247 | H90: Windows / Server | I90: Microsoft Windows Server 2019 Datacenter 1809 Build 17763.6775 64-Bit | J90: 1809 | K90: EOL | L90: Virtualized / Virtual Machine | M90: VMware VMware Virtual Platform VMware Virtual Platform | N90: Unknown | O90: 6 | P90: 2400 | Q90: Intel(R) Xeon(R) CPU E5-4640 0 @ 2.40GHz | R90: 8191 | S90: Phoenix Technologies LTD 6.00 | T90: VMware-42 36 2d f6 a7 4f e2 21-c9 04 3e f6 d1 c8 48 42 | U90: NoAssetTag | V90: '-03:00 | W90: Jan 15, 2025 | X90: GRU\eduardo.osilva.t | Y90: QAGENT | Z90: 9b1b4ce3-0e4c-4544-b390-984806980e9c | AA90: Jan 31, 2025 | AB90: 64-bit | AC90: VM,SCA,PM | AD90: Cloud Agent | AE90: 1 | AF90: 170 | AG90: f62d3642-4fa7-21e2-c904-3ef6d1c84842 | AH90: Jan 31, 2025 | AI90: Cloud Agent,GRU-GERAL,GRU-CAT-Servidores
A91: 28962859 | B91: SPRDAPCOVGRU02 | C91: 8685693 | D91: SPRDAPCOVGRU02 | E91: 00:50:56:B6:F2:CB,02:1A:ED:38:38:AF,00:50:56:B6:0E:1C,00:50:56:B6:0E:1C,02:1A:ED:38:38:AF | F91: 10.1.1.20,169.254.1.242,172.31.49.222,172.31.49.223 | G91: fe80:0:0:0:f9bf:3ce6:14b8:3ec0 | H91: Windows / Server | I91: Microsoft Windows Server 2019 Datacenter 1809 Build 17763.4974 64-Bit | J91: 1809 | K91: EOL | L91: Virtualized / Virtual Machine | M91: VMware VMware Virtual Platform VMware Virtual Platform | N91: Unknown | O91: 8 | P91: 2400 | Q91: Intel(R) Xeon(R) CPU E5-4640 0 @ 2.40GHz | R91: 16383 | S91: Phoenix Technologies LTD 6.00 | T91: VMware-42 36 17 ed 61 c2 5e 03-2c 47 79 42 fd ff a2 05 | U91: NoAssetTag | V91: '-03:00 | W91: Nov 12, 2023 | X91: GRU\romulo.soares.t | Y91: QAGENT | Z91: caef2d16-7d91-4018-926c-1f45683b926d | AA91: Jan 31, 2025 | AB91: 64-bit | AC91: VM,SCA,PM | AD91: Cloud Agent | AE91: 1 | AF91: 171 | AG91: ed173642-c261-035e-2c47-7942fdffa205 | AH91: Jan 31, 2025 | AI91: Cloud Agent,GRU-GERAL,GRU-CAT-Servidores
A92: 20900152 | B92: sprdbdzabgru02 | C92: 7480127 | D92: '- | E92: 00:50:56:b6:58:06,52:54:00:24:0b:7b | F92: 172.16.253.93,192.168.122.1 | H92: Linux / Server | I92: Red Hat Enterprise Linux 8 8.10 | J92: 8.10 | K92: GA | L92: Virtualized / Virtual Machine | M92: VMware VMware Virtual Platform VMware Virtual Platform | N92: Unknown | O92: 8 | P92: 2400 | Q92: Intel(R) Xeon(R) CPU E5-4640 0 @ 2.40GHz | R92: 31934 | S92: Phoenix Technologies LTD 6.00 12/12/2018 | T92: VMware-42 36 2b e0 51 58 7e 3b-32 da 18 0f 36 31 89 25 | U92: No Asset Tag | V92: '-03:00 | W92: Feb 3, 2024 | X92: root | Y92: QAGENT | Z92: 9950cdee-7b87-45cb-8e3e-495ecb37a7d8 | AA92: Jan 31, 2025 | AB92: x86_64 | AC92: VM,SCA,PM | AD92: Cloud Agent | AE92: 2 | AF92: 343 | AG92: e02b3642-5851-3b7e-32da-180f36318925 | AH92: Jan 31, 2025 | AI92: Cloud Agent,GRU_ACN_2-Menor,GRU-GERAL,GRU_CAT_ACN-INFRACRITICA
A93: 102520090 | B93: SPRDVCHSEGRU03 | C93: 26284830 | D93: SPRDVCHSEGRU03 | E93: 00:50:56:92:EC:85,00:50:56:92:EC:85 | F93: 172.31.49.32 | G93: fe80:0:0:0:d930:4cd9:1c4d:59b0 | H93: Windows / Server | I93: Microsoft Windows Server 2019 Datacenter 1809 Build 17763.5936 64-Bit | J93: 1809 | K93: EOL | L93: Virtualized / Virtual Machine | M93: VMware VMware Virtual Platform VMware Virtual Platform | N93: Unknown | O93: 8 | P93: 2594 | Q93: Intel(R) Xeon(R) Gold 6348 CPU @ 2.60GHz | R93: 12287 | S93: Phoenix Technologies LTD 6.00 | T93: VMware-42 12 3f ed 7a 04 20 9d-12 4b 78 da da a2 1b 44 | U93: NoAssetTag | V93: '-03:00 | W93: Jun 18, 2024 | X93: Administrator | Y93: QAGENT | Z93: 70334467-3449-45bb-ae6c-8a1bcf7eeca5 | AA93: Jan 31, 2025 | AB93: 64-bit | AC93: VM,SCA,PM | AD93: Cloud Agent | AE93: 3 | AF93: 513 | AG93: ED3F1242-047A-9D20-124B-78DADAA21B44 | AH93: Jan 31, 2025 | AI93: Cloud Agent,GRU_ACN_3-Maior,GRU-GERAL,GRU_CAT_ACN-GPA
A94: 20312402 | B94: SPRDAPCCGRU03 | C94: 7397448 | D94: SPRDAPCCGRU03 | E94: 00:50:56:A3:88:16 | F94: 172.31.49.14 | H94: Windows / Server | I94: Microsoft Windows Server 2016 Datacenter 1607 Build 14393.6452 64-Bit | J94: 1607 | K94: EOL | L94: Virtualized / Virtual Machine | M94: VMware VMware Virtual Platform VMware Virtual Platform | N94: Unknown | O94: 8 | P94: 2594 | Q94: Intel(R) Xeon(R) Gold 6348 CPU @ 2.60GHz | R94: 49151 | S94: Phoenix Technologies LTD 6.00 | T94: VMware-42 23 30 0a 4a 90 3f fe-b6 02 6f a3 db f6 af 1e | U94: NoAssetTag | V94: '-03:00 | W94: Nov 19, 2024 | X94: Administrator | Y94: QAGENT | Z94: 493f0a9c-d3e1-4e70-a6db-95557d7d959c | AA94: Jan 31, 2025 | AB94: 64-bit | AC94: VM,SCA,PM | AD94: Cloud Agent | AE94: 4 | AF94: 684 | AG94: 0A302342-904A-FE3F-B602-6FA3DBF6AF1E | AH94: Jan 31, 2025 | AI94: Cloud Agent,GRU_ACN_4-Perigoso,GRU-GERAL,GRU_CAT_ACN-CCURE
A95: 118629325 | B95: SPRDBDHSQLGRU06 | C95: 32350693 | D95: SPRDBDHSQLGRU06 | E95: 00:50:56:A3:8F:D2,00:50:56:A3:5C:DA | F95: 172.31.50.170,172.31.62.171 | H95: Windows / Server | I95: Microsoft Windows Server 2019 Datacenter 1809 Build 17763.6189 64-Bit | J95: 1809 | K95: EOL | L95: Virtualized / Virtual Machine | M95: VMware VMware Virtual Platform VMware Virtual Platform | N95: Unknown | O95: 8 | P95: 2594 | Q95: Intel(R) Xeon(R) Gold 6348 CPU @ 2.60GHz | R95: 65535 | S95: Phoenix Technologies LTD 6.00 | T95: VMware-42 23 25 84 24 95 d5 8c-2c f0 6f 61 16 3e 33 71 | U95: NoAssetTag | V95: '-03:00 | W95: Sep 28, 2024 | X95: alpha | Y95: QAGENT | Z95: 4acdac87-ec0b-479d-b636-2b79e6aa2e9f | AA95: Jan 31, 2025 | AB95: 64-bit | AC95: VM,SCA,PM | AD95: Cloud Agent | AE95: 4 | AF95: 678 | AG95: 84252342-9524-8CD5-2CF0-6F61163E3371 | AH95: Jan 31, 2025 | AI95: Cloud Agent,GRU_ACN_4-Perigoso,GRU-GERAL,GRU_CAT_ACN-CCURE
A96: 20192841 | B96: GRU-VMSLOT-AMS | C96: 7378053 | D96: GRU-VMSLOT-AMS | E96: 00:50:56:9D:11:1C | F96: 172.31.50.161 | H96: Windows / Client | I96: Microsoft Windows 7 Professional 6.1 SP1 Build 7601.24544 | J96: 6.1 | K96: EOL/EOS | L96: Virtualized / Virtual Machine | M96: VMware VMware Virtual Platform VMware Virtual Platform | N96: Unknown | O96: 8 | P96: 2400 | Q96: Intel(R) Xeon(R) CPU E5-4640 0 @ 2.40GHz | R96: 32767 | S96: Phoenix Technologies LTD 6.00 | T96: VMware-42 1d 09 63 52 9f ce 5e-03 c0 65 c3 0c 2b 9e e0 | U96: NoAssetTag | V96: '-03:00 | W96: Jun 8, 2024 | X96: GRU\leandro.jesus.t | Y96: QAGENT | Z96: 52d8b3ab-37eb-41ca-a38f-84e3422ecf23 | AA96: Jan 31, 2025 | AB96: 64-bit | AC96: VM,SCA,PM | AD96: Cloud Agent | AE96: 1 | AF96: 173 | AG96: 63091D42-9F52-5ECE-03C0-65C30C2B9EE0 | AH96: Jan 31, 2025 | AI96: Cloud Agent,GRU-GERAL,GRU-CAT-Servidores
A97: 16157091 | B97: SHOMAPPTGRU05 | C97: 6314557 | D97: SHOMAPPTGRU05 | E97: 00:50:56:A9:4C:B2 | F97: 10.36.52.244 | H97: Windows / Server | I97: Microsoft Windows Server 2012 Datacenter 6.2 Build 9200.22104 64-Bit | J97: 6.2 | K97: EOL/EOS | L97: Virtualized / Virtual Machine | M97: VMware VMware Virtual Platform VMware Virtual Platform | N97: Unknown | O97: 4 | P97: 2100 | Q97: Intel(R) Xeon(R) CPU E5-2620 v2 @ 2.10GHz | R97: 8191 | S97: Phoenix Technologies LTD 6.00 | T97: VMware-56 4d ed e9 dd 8c 7c 14-7e ef 23 b9 43 49 5f 74 | U97: NoAssetTag | V97: '-03:00 | W97: Jan 3, 2024 | X97: gru.local\leandro.jesus.t | Y97: QAGENT | Z97: 9d2fd986-4093-42bc-9e4f-96d469b88157 | AA97: Jan 31, 2025 | AB97: 64-bit | AC97: VM,SCA,PM | AD97: Cloud Agent | AE97: 1 | AF97: 178 | AG97: e9ed4d56-8cdd-147c-7eef-23b943495f74 | AH97: Jan 31, 2025 | AI97: Cloud Agent,GRU-GERAL,GRU-CAT-Servidores
A98: 24665471 | B98: SPRDAPSVNGRU01 | C98: 7982744 | D98: SPRDAPSVNGRU01 | E98: 00:50:56:B6:F0:4B | F98: 172.31.50.60 | H98: Windows / Server | I98: Microsoft Windows Server 2016 Standard 1607 Build 14393.4169 64-Bit | J98: 1607 | K98: EOL | L98: Virtualized / Virtual Machine | M98: VMware VMware Virtual Platform VMware Virtual Platform | N98: Unknown | O98: 2 | P98: 2400 | Q98: Intel(R) Xeon(R) CPU E5-4640 0 @ 2.40GHz | R98: 8192 | S98: Phoenix Technologies LTD 6.00 | T98: VMware-42 36 2a ba 68 27 00 06-22 71 9f 31 21 37 51 e0 | U98: NoAssetTag | V98: '-03:00 | W98: Oct 20, 2023 | X98: GRU\sistemas.gru | Y98: QAGENT | Z98: 7c8ec035-1223-4735-85ad-79fb984daf3d | AA98: Jan 31, 2025 | AB98: 64-bit | AC98: VM,SCA,PM | AD98: Cloud Agent | AE98: 1 | AF98: 174 | AG98: ba2a3642-2768-0600-2271-9f31213751e0 | AH98: Jan 31, 2025 | AI98: Cloud Agent,GRU-GERAL,GRU-CAT-Servidores
A99: 20962445 | B99: SHOMAPESBGRU03 | C99: 7506124 | D99: SHOMAPESBGRU03 | E99: 00:50:56:95:39:46 | F99: 10.36.52.236 | H99: Windows / Server | I99: Microsoft Windows Server 2016 Datacenter 1607 Build 14393.2273 64-Bit | J99: 1607 | K99: EOL | L99: Virtualized / Virtual Machine | M99: VMware VMware Virtual Platform VMware Virtual Platform | N99: Unknown | O99: 1 | P99: 2100 | Q99: Intel(R) Xeon(R) CPU E5-2620 v2 @ 2.10GHz | R99: 16383 | S99: Phoenix Technologies LTD 6.00 | T99: VMware-42 15 68 e4 df 71 88 a2-9e 2d aa dd 21 e5 94 db | U99: NoAssetTag | V99: '-03:00 | W99: Jan 8, 2025 | X99: GRU\sistemas.gru | Y99: QAGENT | Z99: 45b524e9-5257-421c-a1e9-003d56d9d847 | AA99: Jan 31, 2025 | AB99: 64-bit | AC99: VM,SCA,PM | AD99: Cloud Agent | AE99: 1 | AF99: 172 | AG99: E4681542-71DF-A288-9E2D-AADD21E594DB | AH99: Jan 31, 2025 | AI99: Cloud Agent,GRU-GERAL,GRU-CAT-Servidores
A100: 107409819 | B100: SPRDCCTVGRU09 | C100: 27655862 | D100: SPRDCCTVGRU09 | E100: 00:26:B9:34:64:D4,00:26:B9:34:64:D4,00:26:B9:34:64:D4,00:26:B9:34:64:D4,00:26:B9:34:64:D4,00:26:B9:34:64:D4,00:26:B9:34:64:D6,00:26:B9:34:64:DA,00:26:B9:34:64:D6,00:26:B9:34:64:DA,00:26:B9:34:64:D4 | F100: 10.36.57.41,10.36.57.42,10.36.57.43,10.36.57.44,10.36.57.45,10.36.57.46,10.36.60.50,10.36.61.50 | G100: fe80:0:0:0:dc0:882:74e0:98f5,fe80:0:0:0:a15d:2a29:4a88:363,fe80:0:0:0:ac63:a65a:1e46:5226 | H100: Windows / Server | I100: Microsoft Windows Server 2019 Standard 1809 Build 17763.5458 64-Bit | J100: 1809 | K100: EOL | L100: Computers / Server | M100: Dell PowerEdge R900 | N100: Unknown | O100: 4 | P100: 2660 | Q100: Intel(R) Xeon(R) CPU X7460 @ 2.66GHz | R100: 122874 | S100: Dell Inc. 1.2.0 | T100: DJZ93L1 | U100: '- | V100: '-03:00 | W100: Feb 26, 2024 | X100: GRU\svc-sql-cluster | Y100: QAGENT | Z100: 65f52c53-33e9-49d6-921e-4dc0a7c14f80 | AA100: Jan 31, 2025 | AB100: 64-bit | AC100: VM,SCA,PM | AD100: Cloud Agent | AE100: 4 | AF100: 682 | AG100: 4C4C4544-004A-5A10-8039-C4C04F334C31 | AH100: Jan 31, 2025 | AI100: Cloud Agent,GRU_ACN_4-Perigoso,GRU-GERAL,GRU_CAT_ACN-CFTV
...

Sheet Sentinel
A1: Endpoint Name | B1: Site | C1: Last Logged In User | D1: OS Username | E1: Group | F1: Tags | G1: Domain | H1: Account | I1: Console Visible IP | J1: Agent Version | K1: Serial Number | L1: Subscribed On | M1: Device Type | N1: Model Name | O1: OS | P1: OS Version | Q1: Architecture | R1: Memory | S1: CPU Count | T1: CPU Type | U1: Core Count | V1: Management Connectivity | W1: Network Status | X1: Update Status | Y1: Scan Status | Z1: Last Reported IP | AA1: Pending Uninstall | AB1: Disk Encryption | AC1: Agent UUID | AD1: Agent ID | AE1: Customer Identifier | AF1: Console Migration Status | AG1: Operational State | AH1: Operational State Expiration | AI1: Last Reboot Date | AJ1: Installer Type | AK1: Reboot Required due to Threat | AL1: User Action Required | AM1: Remote Profiling State | AN1: Remote Profiling Expiration | AO1: Storage Type | AP1: Storage Name | AQ1: Cloud Account | AR1: Cloud Location | AS1: Cloud Network | AT1: Cloud Image | AU1: Cloud Tags | AV1: Cloud Instance Size | AW1: Cloud Instance ID | AX1: Cloud Security Group | AY1: Cluster Name | AZ1: K8s Type | BA1: K8s Version | BB1: Agent Namespace | BC1: Agent Pod Name | BD1: K8s Node Name | BE1: K8s Node Labels | BF1: ECS Type | BG1: ECS Version | BH1: ECS Cluster Name | BI1: ECS Task Arn | BJ1: ECS Task Availability Zone | BK1: ECS Service Name | BL1: ECS Service Arn | BM1: ECS Task Definition Family | BN1: ECS Task Definition Revision | BO1: ECS Task Definition Arn | BP1: Is Uninstalled | BQ1: Decommissioned at | BR1: Missing Permissions
A2: SPRDAPRPGRU15 | B2: Default site | C2: N/A | D2: root | E2: SERVIDORES LINUX | F2: None | G2: unknown | H2: GRUPO INVEPAR | I2: 177130117155 | J2: 24.1.1.16 | K2: N/A | L2: Oct 22, 2024 08:47:10 PM | M2: server | N2: VMware, Inc. VMware20,1 | O2: Linux | P2: Linux,Red Hat Enterprise release 9.5 (Plow) 5.14.0-503.15.1.el9_5.x86_64 | Q2: 64 bit | R2: 7 GB | S2: 2 | T2: Intel(R) Xeon(R) Gold 6348 CPU @ 2.60GHz | U2: 4 | V2: Online | W2: Connected | X2: Up to date | Y2: Completed( Oct 22, 2024 09:04:41 PM ) | Z2: 192.168.0.25 | AA2: No | AB2: Off | AC2: 003a05bc-bdd3-7fdd-6547-cbbef80bce72 | AD2: 2.0669633e+18 | AE2: N/A | AF2: N/A | AG2: Not disabled | AH2: N/A | AI2: Dec 05, 2024 03:22:50 PM | AJ2: RPM | AK2: No | AL2: No | AM2: disabled | AN2: N/A | AO2: N/A | AP2: N/A | AQ2: N/A | AR2: N/A | AS2: N/A | AT2: N/A | AU2: N/A | AV2: N/A | AW2: N/A | AX2: N/A | AY2: N/A | AZ2: N/A | BA2: N/A | BB2: N/A | BC2: N/A | BD2: N/A | BE2: N/A | BF2: N/A | BG2: N/A | BH2: N/A | BI2: N/A | BJ2: N/A | BK2: N/A | BL2: N/A | BM2: N/A | BN2: N/A | BO2: N/A | BP2: No | BQ2: N/A | BR2: N/A
A3: SPRDAPRPGRU14 | B3: Default site | C3: N/A | D3: root | E3: SERVIDORES LINUX | F3: None | G3: unknown | H3: GRUPO INVEPAR | I3: 200.174.72.155 | J3: 24.1.1.16 | K3: N/A | L3: Oct 22, 2024 08:46:31 PM | M3: server | N3: VMware, Inc. VMware20,1 | O3: Linux | P3: Linux,Red Hat Enterprise release 9.5 (Plow) 5.14.0-503.15.1.el9_5.x86_64 | Q3: 64 bit | R3: 7 GB | S3: 2 | T3: Intel(R) Xeon(R) Gold 6348 CPU @ 2.60GHz | U3: 4 | V3: Online | W3: Connected | X3: Up to date | Y3: Completed( Oct 22, 2024 09:00:27 PM ) | Z3: 192.168.0.26 | AA3: No | AB3: Off | AC3: 0044e9ca-ad5f-dc6c-33a5-96c1a5d218f0 | AD3: 2.066963e+18 | AE3: N/A | AF3: N/A | AG3: Not disabled | AH3: N/A | AI3: Dec 05, 2024 01:26:09 PM | AJ3: RPM | AK3: No | AL3: No | AM3: disabled | AN3: N/A | AO3: N/A | AP3: N/A | AQ3: N/A | AR3: N/A | AS3: N/A | AT3: N/A | AU3: N/A | AV3: N/A | AW3: N/A | AX3: N/A | AY3: N/A | AZ3: N/A | BA3: N/A | BB3: N/A | BC3: N/A | BD3: N/A | BE3: N/A | BF3: N/A | BG3: N/A | BH3: N/A | BI3: N/A | BJ3: N/A | BK3: N/A | BL3: N/A | BM3: N/A | BN3: N/A | BO3: N/A | BP3: No | BQ3: N/A | BR3: N/A
A4: SPRDAPRPGRU14 | B4: Default site | C4: N/A | D4: root | E4: SERVIDORES LINUX | F4: None | G4: unknown | H4: GRUPO INVEPAR | I4: 177130117155 | J4: 24.1.1.16 | K4: N/A | L4: Oct 17, 2024 02:11:37 PM | M4: server | N4: VMware, Inc. VMware20,1 | O4: Linux | P4: Linux,Red Hat Enterprise release 9.4 (Plow) 5.14.0-427.40.1.el9_4.x86_64 | Q4: 64 bit | R4: 7 GB | S4: 2 | T4: Intel(R) Xeon(R) Gold 6348 CPU @ 2.60GHz | U4: 4 | V4: Offline | W4: Connected | X4: Up to date | Y4: Aborted( Oct 17, 2024 02:17:30 PM ) | Z4: 192.168.0.61 | AA4: No | AB4: Off | AC4: ffd19249-fae8-4a30-34e3-b30cac120a7f | AD4: 2.0631404e+18 | AE4: N/A | AF4: N/A | AG4: Not disabled | AH4: N/A | AI4: Oct 22, 2024 07:52:47 PM | AJ4: RPM | AK4: No | AL4: No | AM4: disabled | AN4: N/A | AO4: N/A | AP4: N/A | AQ4: N/A | AR4: N/A | AS4: N/A | AT4: N/A | AU4: N/A | AV4: N/A | AW4: N/A | AX4: N/A | AY4: N/A | AZ4: N/A | BA4: N/A | BB4: N/A | BC4: N/A | BD4: N/A | BE4: N/A | BF4: N/A | BG4: N/A | BH4: N/A | BI4: N/A | BJ4: N/A | BK4: N/A | BL4: N/A | BM4: N/A | BN4: N/A | BO4: N/A | BP4: No | BQ4: N/A | BR4: N/A
A5: SPRDAPIHSGRU03 | B5: Default site | C5: N/A | D5: root | E5: SERVIDORES LINUX | F5: None | G5: gru.local | H5: GRUPO INVEPAR | I5: 200.174.72.155 | J5: 24.1.1.16 | K5: N/A | L5: Oct 16, 2024 07:27:21 PM | M5: server | N5: VMware, Inc. VMware20,1 | O5: Linux | P5: Linux,Red Hat Enterprise release 9.5 (Plow) 5.14.0-503.22.1.el9_5.x86_64 | Q5: 64 bit | R5: 8 GB | S5: 2 | T5: Intel(R) Xeon(R) Gold 6348 CPU @ 2.60GHz | U5: 2 | V5: Online | W5: Connected | X5: Up to date | Y5: Completed( Oct 16, 2024 07:41:09 PM ) | Z5: 192.168.0.55 | AA5: No | AB5: Off | AC5: ff77b23f-3f2d-f1f4-a6f2-999d8ae3d98d | AD5: 2.0625745e+18 | AE5: N/A | AF5: N/A | AG5: Not disabled | AH5: N/A | AI5: Jan 29, 2025 02:08:11 PM | AJ5: RPM | AK5: No | AL5: No | AM5: disabled | AN5: N/A | AO5: N/A | AP5: N/A | AQ5: N/A | AR5: N/A | AS5: N/A | AT5: N/A | AU5: N/A | AV5: N/A | AW5: N/A | AX5: N/A | AY5: N/A | AZ5: N/A | BA5: N/A | BB5: N/A | BC5: N/A | BD5: N/A | BE5: N/A | BF5: N/A | BG5: N/A | BH5: N/A | BI5: N/A | BJ5: N/A | BK5: N/A | BL5: N/A | BM5: N/A | BN5: N/A | BO5: N/A | BP5: No | BQ5: N/A | BR5: N/A
A6: SHOMAPIHSGRU02 | B6: Default site | C6: N/A | D6: root | E6: SERVIDORES LINUX | F6: None | G6: gru.local | H6: GRUPO INVEPAR | I6: 177130117155 | J6: 24.1.1.16 | K6: N/A | L6: Oct 16, 2024 07:07:01 PM | M6: server | N6: VMware, Inc. VMware7,1 | O6: Linux | P6: Linux,Red Hat Enterprise release 9.5 (Plow) 5.14.0-503.21.1.el9_5.x86_64 | Q6: 64 bit | R6: 4 GB | S6: 1 | T6: Intel(R) Xeon(R) CPU E5-4640 0 @ 2.40GHz | U6: 1 | V6: Online | W6: Connected | X6: Up to date | Y6: Completed( Oct 16, 2024 07:52:40 PM ) | Z6: 172.31.52.53 | AA6: No | AB6: Off | AC6: ff581c26-cdb7-6b02-d886-e4dc39c324b7 | AD6: 2.0625643e+18 | AE6: N/A | AF6: N/A | AG6: Not disabled | AH6: N/A | AI6: Jan 21, 2025 03:20:56 AM | AJ6: RPM | AK6: No | AL6: No | AM6: disabled | AN6: N/A | AO6: N/A | AP6: N/A | AQ6: N/A | AR6: N/A | AS6: N/A | AT6: N/A | AU6: N/A | AV6: N/A | AW6: N/A | AX6: N/A | AY6: N/A | AZ6: N/A | BA6: N/A | BB6: N/A | BC6: N/A | BD6: N/A | BE6: N/A | BF6: N/A | BG6: N/A | BH6: N/A | BI6: N/A | BJ6: N/A | BK6: N/A | BL6: N/A | BM6: N/A | BN6: N/A | BO6: N/A | BP6: No | BQ6: N/A | BR6: N/A
A7: SPRDAPGLPIGRU02 | B7: Default site | C7: N/A | D7: root | E7: SERVIDORES LINUX | F7: None | G7: unknown | H7: GRUPO INVEPAR | I7: 177130117155 | J7: 23.4.2.14 | K7: N/A | L7: Oct 09, 2024 06:30:48 PM | M7: server | N7: VMware, Inc. VMware Virtual Platform | O7: Linux | P7: Linux,Ubuntu 22.04.4 LTS 5.15.0-107-generic | Q7: 64 bit | R7: 16 GB | S7: 8 | T7: Intel(R) Xeon(R) CPU E5-4620 v2 @ 2.60GHz | U7: 8 | V7: Online | W7: Connected | X7: Up to date | Y7: Completed( Oct 09, 2024 07:38:38 PM ) | Z7: 172.31.50.82 | AA7: No | AB7: Off | AC7: e879e58d-403d-81e3-5546-d2196d2b34ff | AD7: 2.0574726e+18 | AE7: N/A | AF7: N/A | AG7: Not disabled | AH7: N/A | AI7: May 17, 2024 11:29:37 PM | AJ7: DEB | AK7: No | AL7: No | AM7: disabled | AN7: N/A | AO7: N/A | AP7: N/A | AQ7: N/A | AR7: N/A | AS7: N/A | AT7: N/A | AU7: N/A | AV7: N/A | AW7: N/A | AX7: N/A | AY7: N/A | AZ7: N/A | BA7: N/A | BB7: N/A | BC7: N/A | BD7: N/A | BE7: N/A | BF7: N/A | BG7: N/A | BH7: N/A | BI7: N/A | BJ7: N/A | BK7: N/A | BL7: N/A | BM7: N/A | BN7: N/A | BO7: N/A | BP7: No | BQ7: N/A | BR7: N/A
A8: sprdbdzabgru02 | B8: Default site | C8: N/A | D8: root | E8: SERVIDORES LINUX | F8: ACN : INFRA CRITICA, Impacto : D-Menor | G8: unknown | H8: GRUPO INVEPAR | I8: 177130117155 | J8: 23.1.1.7 | K8: N/A | L8: Oct 09, 2024 06:20:20 PM | M8: server | N8: VMware, Inc. VMware Virtual Platform | O8: Linux | P8: Linux,Red Hat Enterprise release 8.10 (Ootpa) 4.18.0-305.12.1.el8_4.x86_64 | Q8: 64 bit | R8: 31 GB | S8: 4 | T8: Intel(R) Xeon(R) CPU E5-4640 0 @ 2.40GHz | U8: 8 | V8: Online | W8: Connected | X8: Up to date | Y8: Completed( Oct 09, 2024 08:03:31 PM ) | Z8: 172.16.253.93 | AA8: No | AB8: Off | AC8: 98f98b22-d935-0b95-73e4-e3c58410de1d | AD8: 2.0574673e+18 | AE8: N/A | AF8: N/A | AG8: Not disabled | AH8: N/A | AI8: Feb 03, 2024 10:06:54 PM | AJ8: RPM | AK8: No | AL8: No | AM8: disabled | AN8: N/A | AO8: N/A | AP8: N/A | AQ8: N/A | AR8: N/A | AS8: N/A | AT8: N/A | AU8: N/A | AV8: N/A | AW8: N/A | AX8: N/A | AY8: N/A | AZ8: N/A | BA8: N/A | BB8: N/A | BC8: N/A | BD8: N/A | BE8: N/A | BF8: N/A | BG8: N/A | BH8: N/A | BI8: N/A | BJ8: N/A | BK8: N/A | BL8: N/A | BM8: N/A | BN8: N/A | BO8: N/A | BP8: No | BQ8: N/A | BR8: N/A
A9: SPRDBDOTRSGRU01 | B9: Default site | C9: N/A | D9: root | E9: SERVIDORES BANCO DE DADOS | F9: None | G9: unknown | H9: GRUPO INVEPAR | I9: 177130117155 | J9: 23.2.2.4 | K9: N/A | L9: Sep 27, 2024 03:12:06 PM | M9: server | N9: VMware, Inc. VMware Virtual Platform | O9: Linux | P9: Linux,Ubuntu 20.04.6 LTS 5.4.0-196-generic | Q9: 64 bit | R9: 27 GB | S9: 2 | T9: Intel(R) Xeon(R) CPU E5-4640 0 @ 2.40GHz | U9: 8 | V9: Online | W9: Connected | X9: Up to date | Y9: Aborted( Sep 27, 2024 03:53:53 PM ) | Z9: 172.31.52.16 | AA9: No | AB9: Off | AC9: f97fa568-85ae-2e0e-aa2a-6a40bf775767 | AD9: 2.0486753e+18 | AE9: N/A | AF9: N/A | AG9: Not disabled | AH9: N/A | AI9: Sep 30, 2024 01:45:07 PM | AJ9: DEB | AK9: No | AL9: No | AM9: disabled | AN9: N/A | AO9: N/A | AP9: N/A | AQ9: N/A | AR9: N/A | AS9: N/A | AT9: N/A | AU9: N/A | AV9: N/A | AW9: N/A | AX9: N/A | AY9: N/A | AZ9: N/A | BA9: N/A | BB9: N/A | BC9: N/A | BD9: N/A | BE9: N/A | BF9: N/A | BG9: N/A | BH9: N/A | BI9: N/A | BJ9: N/A | BK9: N/A | BL9: N/A | BM9: N/A | BN9: N/A | BO9: N/A | BP9: No | BQ9: N/A | BR9: N/A
A10: SPRDBDOTRSGRU01 | B10: Default site | C10: N/A | D10: root | E10: SERVIDORES BANCO DE DADOS | F10: None | G10: unknown | H10: GRUPO INVEPAR | I10: 177130117155 | J10: 23.2.2.4 | K10: N/A | L10: Sep 27, 2024 03:11:24 PM | M10: server | N10: VMware, Inc. VMware Virtual Platform | O10: Linux | P10: Linux,Ubuntu 20.04.6 LTS 5.4.0-200-generic | Q10: 64 bit | R10: 27 GB | S10: 2 | T10: Intel(R) Xeon(R) Gold 6348 CPU @ 2.60GHz | U10: 8 | V10: Online | W10: Connected | X10: Up to date | Y10: Completed( Sep 27, 2024 04:22:44 PM ) | Z10: 172.31.49.16 | AA10: No | AB10: Off | AC10: f9776b74-5667-65d6-0743-60cc7e8e3ebe | AD10: 2.0486749e+18 | AE10: N/A | AF10: N/A | AG10: Not disabled | AH10: N/A | AI10: Dec 01, 2024 02:47:59 AM | AJ10: DEB | AK10: No | AL10: No | AM10: disabled | AN10: N/A | AO10: N/A | AP10: N/A | AQ10: N/A | AR10: N/A | AS10: N/A | AT10: N/A | AU10: N/A | AV10: N/A | AW10: N/A | AX10: N/A | AY10: N/A | AZ10: N/A | BA10: N/A | BB10: N/A | BC10: N/A | BD10: N/A | BE10: N/A | BF10: N/A | BG10: N/A | BH10: N/A | BI10: N/A | BJ10: N/A | BK10: N/A | BL10: N/A | BM10: N/A | BN10: N/A | BO10: N/A | BP10: No | BQ10: N/A | BR10: N/A
A11: sprdotrsgru01 | B11: Default site | C11: N/A | D11: root | E11: SERVIDORES LINUX | F11: ACN : INFRA CRITICA, Impacto : C-Maior | G11: unknown | H11: GRUPO INVEPAR | I11: 200.174.72.155 | J11: 23.2.2.4 | K11: N/A | L11: Sep 27, 2024 02:13:28 PM | M11: server | N11: VMware, Inc. VMware Virtual Platform | O11: Linux | P11: Linux,Ubuntu 20.04.6 LTS 5.4.0-196-generic | Q11: 64 bit | R11: 23 GB | S11: 2 | T11: Intel(R) Xeon(R) CPU E5-4640 0 @ 2.40GHz | U11: 8 | V11: Online | W11: Connected | X11: Up to date | Y11: Aborted( Sep 27, 2024 02:17:52 PM ) | Z11: 172.31.52.49 | AA11: No | AB11: Off | AC11: f955d934-4f7d-ed62-aa46-654db3e2819a | AD11: 2.0486458e+18 | AE11: N/A | AF11: N/A | AG11: Not disabled | AH11: N/A | AI11: Sep 27, 2024 06:50:34 PM | AJ11: DEB | AK11: No | AL11: No | AM11: disabled | AN11: N/A | AO11: N/A | AP11: N/A | AQ11: N/A | AR11: N/A | AS11: N/A | AT11: N/A | AU11: N/A | AV11: N/A | AW11: N/A | AX11: N/A | AY11: N/A | AZ11: N/A | BA11: N/A | BB11: N/A | BC11: N/A | BD11: N/A | BE11: N/A | BF11: N/A | BG11: N/A | BH11: N/A | BI11: N/A | BJ11: N/A | BK11: N/A | BL11: N/A | BM11: N/A | BN11: N/A | BO11: N/A | BP11: No | BQ11: N/A | BR11: N/A
A12: sprdotrsgru01 | B12: Default site | C12: N/A | D12: root | E12: SERVIDORES LINUX | F12: ACN : INFRA CRITICA, Impacto : C-Maior | G12: gru.local | H12: GRUPO INVEPAR | I12: 177130117155 | J12: 23.2.2.4 | K12: N/A | L12: Sep 27, 2024 02:13:17 PM | M12: server | N12: VMware, Inc. VMware Virtual Platform | O12: Linux | P12: Linux,Ubuntu 20.04.6 LTS 5.4.0-200-generic | Q12: 64 bit | R12: 23 GB | S12: 2 | T12: Intel(R) Xeon(R) Gold 6348 CPU @ 2.60GHz | U12: 8 | V12: Online | W12: Connected | X12: Up to date | Y12: Aborted( Sep 27, 2024 02:18:03 PM ) | Z12: 172.31.49.49 | AA12: No | AB12: Off | AC12: f95008de-e3e8-0c1b-20fc-a3057f82b15a | AD12: 2.0486457e+18 | AE12: N/A | AF12: N/A | AG12: Not disabled | AH12: N/A | AI12: Dec 01, 2024 03:04:20 AM | AJ12: DEB | AK12: No | AL12: No | AM12: disabled | AN12: N/A | AO12: N/A | AP12: N/A | AQ12: N/A | AR12: N/A | AS12: N/A | AT12: N/A | AU12: N/A | AV12: N/A | AW12: N/A | AX12: N/A | AY12: N/A | AZ12: N/A | BA12: N/A | BB12: N/A | BC12: N/A | BD12: N/A | BE12: N/A | BF12: N/A | BG12: N/A | BH12: N/A | BI12: N/A | BJ12: N/A | BK12: N/A | BL12: N/A | BM12: N/A | BN12: N/A | BO12: N/A | BP12: No | BQ12: N/A | BR12: N/A
A13: shomapprmgru01 | B13: Default site | C13: N/A | D13: root | E13: SERVIDORES LINUX | F13: None | G13: unknown | H13: GRUPO INVEPAR | I13: 200.174.72.155 | J13: 23.4.2.14 | K13: N/A | L13: Sep 05, 2024 01:39:21 PM | M13: server | N13: VMware, Inc. VMware Virtual Platform | O13: Linux | P13: Linux,Ubuntu 22.04.2 LTS 5.15.0-79-generic | Q13: 64 bit | R13: 4 GB | S13: 2 | T13: Intel(R) Xeon(R) CPU E5-2620 v2 @ 2.10GHz | U13: 2 | V13: Online | W13: Connected | X13: Out of date | Y13: Completed( Sep 05, 2024 03:05:18 PM ) | Z13: 10.36.52.134 | AA13: No | AB13: Off | AC13: 9172529f-6524-9da4-aebd-f9a5b568177f | AD13: 2.0326836e+18 | AE13: N/A | AF13: N/A | AG13: Not disabled | AH13: N/A | AI13: Jan 03, 2024 07:35:13 PM | AJ13: DEB | AK13: No | AL13: No | AM13: disabled | AN13: N/A | AO13: N/A | AP13: N/A | AQ13: N/A | AR13: N/A | AS13: N/A | AT13: N/A | AU13: N/A | AV13: N/A | AW13: N/A | AX13: N/A | AY13: N/A | AZ13: N/A | BA13: N/A | BB13: N/A | BC13: N/A | BD13: N/A | BE13: N/A | BF13: N/A | BG13: N/A | BH13: N/A | BI13: N/A | BJ13: N/A | BK13: N/A | BL13: N/A | BM13: N/A | BN13: N/A | BO13: N/A | BP13: No | BQ13: N/A | BR13: N/A
A14: shomapgrfgru01 | B14: Default site | C14: N/A | D14: root | E14: SERVIDORES LINUX | F14: None | G14: unknown | H14: GRUPO INVEPAR | I14: 200.174.72.155 | J14: 23.4.2.14 | K14: N/A | L14: Aug 30, 2024 02:14:03 PM | M14: server | N14: VMware, Inc. VMware Virtual Platform | O14: Linux | P14: Linux,Ubuntu 22.04.4 LTS 5.15.0-76-generic | Q14: 64 bit | R14: 4 GB | S14: 10 | T14: Intel(R) Xeon(R) CPU E5-2620 v2 @ 2.10GHz | U14: 10 | V14: Online | W14: Connected | X14: Out of date | Y14: Completed( Aug 30, 2024 03:53:49 PM ) | Z14: 10.36.52.135 | AA14: No | AB14: Off | AC14: f05e56fd-7495-1ab2-4159-e10eff45ab1f | AD14: 2.0283524e+18 | AE14: N/A | AF14: N/A | AG14: Not disabled | AH14: N/A | AI14: Jan 03, 2024 07:41:52 PM | AJ14: DEB | AK14: No | AL14: No | AM14: disabled | AN14: N/A | AO14: N/A | AP14: N/A | AQ14: N/A | AR14: N/A | AS14: N/A | AT14: N/A | AU14: N/A | AV14: N/A | AW14: N/A | AX14: N/A | AY14: N/A | AZ14: N/A | BA14: N/A | BB14: N/A | BC14: N/A | BD14: N/A | BE14: N/A | BF14: N/A | BG14: N/A | BH14: N/A | BI14: N/A | BJ14: N/A | BK14: N/A | BL14: N/A | BM14: N/A | BN14: N/A | BO14: N/A | BP14: No | BQ14: N/A | BR14: N/A
A15: shomapgrfgru01 | B15: Default site | C15: N/A | D15: root | E15: SERVIDORES LINUX | F15: None | G15: unknown | H15: GRUPO INVEPAR | I15: 177130117155 | J15: 23.2.2.4 | K15: N/A | L15: Aug 30, 2024 02:12:31 PM | M15: server | N15: VMware, Inc. VMware Virtual Platform | O15: Linux | P15: Linux,Ubuntu 22.04.4 LTS 5.15.0-79-generic | Q15: 64 bit | R15: 4 GB | S15: 10 | T15: Intel(R) Xeon(R) CPU E5-2620 v2 @ 2.10GHz | U15: 10 | V15: Offline | W15: Connected | X15: Up to date | Y15: Aborted( Aug 30, 2024 02:17:51 PM ) | Z15: 10.36.52.137 | AA15: No | AB15: Off | AC15: 918d0ec7-4549-4645-0553-72f085fa77d6 | AD15: 2.0283516e+18 | AE15: N/A | AF15: N/A | AG15: Not disabled | AH15: N/A | AI15: Jan 03, 2024 07:32:13 PM | AJ15: DEB | AK15: No | AL15: No | AM15: disabled | AN15: N/A | AO15: N/A | AP15: N/A | AQ15: N/A | AR15: N/A | AS15: N/A | AT15: N/A | AU15: N/A | AV15: N/A | AW15: N/A | AX15: N/A | AY15: N/A | AZ15: N/A | BA15: N/A | BB15: N/A | BC15: N/A | BD15: N/A | BE15: N/A | BF15: N/A | BG15: N/A | BH15: N/A | BI15: N/A | BJ15: N/A | BK15: N/A | BL15: N/A | BM15: N/A | BN15: N/A | BO15: N/A | BP15: No | BQ15: N/A | BR15: N/A
A16: shomdbdotrsgru02 | B16: Default site | C16: N/A | D16: root | E16: SERVIDORES LINUX | F16: None | G16: unknown | H16: GRUPO INVEPAR | I16: 177130117155 | J16: 23.4.2.14 | K16: N/A | L16: Aug 30, 2024 01:45:44 PM | M16: server | N16: VMware, Inc. VMware Virtual Platform | O16: Linux | P16: Linux,Ubuntu 20.04.6 LTS 5.4.0-190-generic | Q16: 64 bit | R16: 12 GB | S16: 8 | T16: Intel(R) Xeon(R) CPU E5-2620 v2 @ 2.10GHz | U16: 8 | V16: Online | W16: Connected | X16: Out of date | Y16: Completed( Aug 30, 2024 02:50:23 PM ) | Z16: 10.36.52.126 | AA16: No | AB16: Off | AC16: f07704dd-24b5-8a68-7a89-77cdf096c92e | AD16: 2.0283381e+18 | AE16: N/A | AF16: N/A | AG16: Not disabled | AH16: N/A | AI16: Aug 06, 2024 03:44:38 PM | AJ16: DEB | AK16: No | AL16: No | AM16: disabled | AN16: N/A | AO16: N/A | AP16: N/A | AQ16: N/A | AR16: N/A | AS16: N/A | AT16: N/A | AU16: N/A | AV16: N/A | AW16: N/A | AX16: N/A | AY16: N/A | AZ16: N/A | BA16: N/A | BB16: N/A | BC16: N/A | BD16: N/A | BE16: N/A | BF16: N/A | BG16: N/A | BH16: N/A | BI16: N/A | BJ16: N/A | BK16: N/A | BL16: N/A | BM16: N/A | BN16: N/A | BO16: N/A | BP16: No | BQ16: N/A | BR16: N/A
A17: SHOMBDOTRSGRU01 | B17: Default site | C17: N/A | D17: root | E17: SERVIDORES LINUX | F17: None | G17: GRU.LOCAL | H17: GRUPO INVEPAR | I17: 177130117155 | J17: 23.2.2.4 | K17: N/A | L17: Aug 30, 2024 12:24:46 PM | M17: server | N17: VMware, Inc. VMware Virtual Platform | O17: Linux | P17: Linux,Ubuntu 20.04.6 LTS 5.4.0-190-generic | Q17: 64 bit | R17: 23 GB | S17: 2 | T17: Intel(R) Xeon(R) CPU E5-2620 v2 @ 2.10GHz | U17: 8 | V17: Online | W17: Connected | X17: Out of date | Y17: Completed( Aug 30, 2024 01:52:15 PM ) | Z17: 10.36.52.128 | AA17: No | AB17: Off | AC17: 8fe72058-feea-999c-3074-d5722e0fd044 | AD17: 2.0282974e+18 | AE17: N/A | AF17: N/A | AG17: Not disabled | AH17: N/A | AI17: Jul 25, 2024 08:36:42 PM | AJ17: DEB | AK17: No | AL17: No | AM17: disabled | AN17: N/A | AO17: N/A | AP17: N/A | AQ17: N/A | AR17: N/A | AS17: N/A | AT17: N/A | AU17: N/A | AV17: N/A | AW17: N/A | AX17: N/A | AY17: N/A | AZ17: N/A | BA17: N/A | BB17: N/A | BC17: N/A | BD17: N/A | BE17: N/A | BF17: N/A | BG17: N/A | BH17: N/A | BI17: N/A | BJ17: N/A | BK17: N/A | BL17: N/A | BM17: N/A | BN17: N/A | BO17: N/A | BP17: No | BQ17: N/A | BR17: N/A
A18: localhost.localdomain | B18: Default site | C18: N/A | D18: root | E18: SERVIDORES LINUX | F18: None | G18: unknown | H18: GRUPO INVEPAR | I18: 200.174.72.155 | J18: 24.1.1.16 | K18: N/A | L18: Aug 30, 2024 12:11:26 PM | M18: server | N18: VMware, Inc. VMware Virtual Platform | O18: Linux | P18: Linux,Red Hat Enterprise Server release 6.6 (Santiago) 2.6.32-504.el6.x86_64 | Q18: 64 bit | R18: 4 GB | S18: 2 | T18: Intel(R) Xeon(R) CPU E5-2620 v2 @ 2.10GHz | U18: 2 | V18: Offline | W18: Connected | X18: Up to date | Y18: Completed( Aug 30, 2024 12:53:52 PM ) | Z18: 10.36.52.140 | AA18: No | AB18: Off | AC18: f052c8a8-52f3-bad7-b1f5-626279697825 | AD18: 2.0282906e+18 | AE18: N/A | AF18: N/A | AG18: Not disabled | AH18: N/A | AI18: Sep 05, 2024 02:24:03 PM | AJ18: RPM | AK18: No | AL18: No | AM18: disabled | AN18: N/A | AO18: N/A | AP18: N/A | AQ18: N/A | AR18: N/A | AS18: N/A | AT18: N/A | AU18: N/A | AV18: N/A | AW18: N/A | AX18: N/A | AY18: N/A | AZ18: N/A | BA18: N/A | BB18: N/A | BC18: N/A | BD18: N/A | BE18: N/A | BF18: N/A | BG18: N/A | BH18: N/A | BI18: N/A | BJ18: N/A | BK18: N/A | BL18: N/A | BM18: N/A | BN18: N/A | BO18: N/A | BP18: No | BQ18: N/A | BR18: N/A
A19: SHOMAPRMAGRU04 | B19: Default site | C19: N/A | D19: root | E19: SERVIDORES LINUX | F19: None | G19: unknown | H19: GRUPO INVEPAR | I19: 200.174.72.155 | J19: 23.4.2.14 | K19: N/A | L19: Aug 30, 2024 12:01:19 PM | M19: server | N19: VMware, Inc. VMware Virtual Platform | O19: Linux | P19: Linux,Ubuntu 22.04.4 LTS 5.15.0-122-generic | Q19: 64 bit | R19: 3 GB | S19: 2 | T19: Intel(R) Xeon(R) CPU E5-2620 v2 @ 2.10GHz | U19: 2 | V19: Offline | W19: Connected | X19: Up to date | Y19: Completed( Aug 30, 2024 01:43:05 PM ) | Z19: 10.36.52.152 | AA19: No | AB19: Off | AC19: f0cdf43f-db38-7e2e-a2e1-89f13f38603d | AD19: 2.0282856e+18 | AE19: N/A | AF19: N/A | AG19: Not disabled | AH19: N/A | AI19: Oct 11, 2024 06:05:13 PM | AJ19: DEB | AK19: No | AL19: No | AM19: disabled | AN19: N/A | AO19: N/A | AP19: N/A | AQ19: N/A | AR19: N/A | AS19: N/A | AT19: N/A | AU19: N/A | AV19: N/A | AW19: N/A | AX19: N/A | AY19: N/A | AZ19: N/A | BA19: N/A | BB19: N/A | BC19: N/A | BD19: N/A | BE19: N/A | BF19: N/A | BG19: N/A | BH19: N/A | BI19: N/A | BJ19: N/A | BK19: N/A | BL19: N/A | BM19: N/A | BN19: N/A | BO19: N/A | BP19: No | BQ19: N/A | BR19: N/A
A20: shomapglpigru02 | B20: Default site | C20: N/A | D20: root | E20: SERVIDORES LINUX | F20: None | G20: unknown | H20: GRUPO INVEPAR | I20: 177130117155 | J20: 23.4.2.14 | K20: N/A | L20: Aug 29, 2024 08:05:20 PM | M20: server | N20: VMware, Inc. VMware Virtual Platform | O20: Linux | P20: Linux,Ubuntu 22.04.5 LTS 5.15.0-107-generic | Q20: 64 bit | R20: 16 GB | S20: 8 | T20: Intel(R) Xeon(R) CPU E5-2620 v2 @ 2.10GHz | U20: 8 | V20: Online | W20: Connected | X20: Out of date | Y20: Completed( Aug 29, 2024 09:22:55 PM ) | Z20: 10.36.52.118 | AA20: No | AB20: Off | AC20: f0835880-88d6-9812-a95e-839715c59dcb | AD20: 2.0278044e+18 | AE20: N/A | AF20: N/A | AG20: Not disabled | AH20: N/A | AI20: May 17, 2024 11:21:39 PM | AJ20: DEB | AK20: No | AL20: No | AM20: disabled | AN20: N/A | AO20: N/A | AP20: N/A | AQ20: N/A | AR20: N/A | AS20: N/A | AT20: N/A | AU20: N/A | AV20: N/A | AW20: N/A | AX20: N/A | AY20: N/A | AZ20: N/A | BA20: N/A | BB20: N/A | BC20: N/A | BD20: N/A | BE20: N/A | BF20: N/A | BG20: N/A | BH20: N/A | BI20: N/A | BJ20: N/A | BK20: N/A | BL20: N/A | BM20: N/A | BN20: N/A | BO20: N/A | BP20: No | BQ20: N/A | BR20: N/A
A21: shomapglpigru01 | B21: Default site | C21: N/A | D21: root | E21: SERVIDORES LINUX | F21: None | G21: unknown | H21: GRUPO INVEPAR | I21: 177130117155 | J21: 23.4.2.14 | K21: N/A | L21: Aug 29, 2024 08:05:11 PM | M21: server | N21: VMware, Inc. VMware Virtual Platform | O21: Linux | P21: Linux,Ubuntu 22.04.5 LTS 5.15.0-107-generic | Q21: 64 bit | R21: 8 GB | S21: 4 | T21: Intel(R) Xeon(R) CPU E5-2620 v2 @ 2.10GHz | U21: 4 | V21: Online | W21: Connected | X21: Out of date | Y21: Completed( Aug 29, 2024 09:26:05 PM ) | Z21: 10.36.52.117 | AA21: No | AB21: Off | AC21: f0829201-910b-f123-d9f6-c6e28d17ba23 | AD21: 2.0278043e+18 | AE21: N/A | AF21: N/A | AG21: Not disabled | AH21: N/A | AI21: May 17, 2024 11:19:54 PM | AJ21: DEB | AK21: No | AL21: No | AM21: disabled | AN21: N/A | AO21: N/A | AP21: N/A | AQ21: N/A | AR21: N/A | AS21: N/A | AT21: N/A | AU21: N/A | AV21: N/A | AW21: N/A | AX21: N/A | AY21: N/A | AZ21: N/A | BA21: N/A | BB21: N/A | BC21: N/A | BD21: N/A | BE21: N/A | BF21: N/A | BG21: N/A | BH21: N/A | BI21: N/A | BJ21: N/A | BK21: N/A | BL21: N/A | BM21: N/A | BN21: N/A | BO21: N/A | BP21: No | BQ21: N/A | BR21: N/A
A22: sprdbdoragru12 | B22: Default site | C22: N/A | D22: root | E22: SERVIDORES BANCO DE DADOS | F22: None | G22: unknown | H22: GRUPO INVEPAR | I22: 177130117155 | J22: 24.1.1.16 | K22: N/A | L22: Aug 29, 2024 07:44:09 PM | M22: server | N22: Dell Inc. PowerEdge M620 | O22: Linux | P22: Linux,Red Hat Enterprise Server release 7.9 (Maipo) 3.10.0-1160.119.1.el7.x86_64 | Q22: 64 bit | R22: 189 GB | S22: 2 | T22: Intel(R) Xeon(R) CPU E5-2660 v2 @ 2.20GHz | U22: 40 | V22: Online | W22: Connected | X22: Up to date | Y22: Completed( Aug 29, 2024 09:50:14 PM ) | Z22: 172.31.49.70 | AA22: No | AB22: Off | AC22: f0e1ae23-b934-3840-a831-cb2c8807004a | AD22: 2.0277937e+18 | AE22: N/A | AF22: N/A | AG22: Not disabled | AH22: N/A | AI22: Oct 04, 2024 08:41:13 PM | AJ22: RPM | AK22: No | AL22: No | AM22: disabled | AN22: N/A | AO22: N/A | AP22: N/A | AQ22: N/A | AR22: N/A | AS22: N/A | AT22: N/A | AU22: N/A | AV22: N/A | AW22: N/A | AX22: N/A | AY22: N/A | AZ22: N/A | BA22: N/A | BB22: N/A | BC22: N/A | BD22: N/A | BE22: N/A | BF22: N/A | BG22: N/A | BH22: N/A | BI22: N/A | BJ22: N/A | BK22: N/A | BL22: N/A | BM22: N/A | BN22: N/A | BO22: N/A | BP22: No | BQ22: N/A | BR22: N/A
A23: SDESAPNWGRU01 | B23: Default site | C23: N/A | D23: root | E23: SERVIDORES LINUX | F23: None | G23: unknown | H23: GRUPO INVEPAR | I23: 177130117155 | J23: 23.2.2.4 | K23: N/A | L23: Aug 29, 2024 03:44:41 PM | M23: server | N23: VMware, Inc. VMware Virtual Platform | O23: Linux | P23: Linux,Red Hat Enterprise Server release 6.5 (Santiago) 2.6.32-431.el6.x86_64 | Q23: 64 bit | R23: 31 GB | S23: 1 | T23: Intel(R) Xeon(R) CPU E5-4640 0 @ 2.40GHz | U23: 4 | V23: Online | W23: Connected | X23: Up to date | Y23: Completed( Aug 29, 2024 05:23:57 PM ) | Z23: 172.31.52.122 | AA23: No | AB23: Off | AC23: 8eddaf76-8a4f-37f6-433a-4e266be808c6 | AD23: 2.0276732e+18 | AE23: N/A | AF23: N/A | AG23: Not disabled | AH23: N/A | AI23: Aug 29, 2024 03:14:42 PM | AJ23: RPM | AK23: No | AL23: No | AM23: disabled | AN23: N/A | AO23: N/A | AP23: N/A | AQ23: N/A | AR23: N/A | AS23: N/A | AT23: N/A | AU23: N/A | AV23: N/A | AW23: N/A | AX23: N/A | AY23: N/A | AZ23: N/A | BA23: N/A | BB23: N/A | BC23: N/A | BD23: N/A | BE23: N/A | BF23: N/A | BG23: N/A | BH23: N/A | BI23: N/A | BJ23: N/A | BK23: N/A | BL23: N/A | BM23: N/A | BN23: N/A | BO23: N/A | BP23: No | BQ23: N/A | BR23: N/A
A24: SPRDAPDIPGRU01 | B24: Default site | C24: N/A | D24: root | E24: SERVIDORES LINUX | F24: None | G24: unknown | H24: GRUPO INVEPAR | I24: 177130117155 | J24: 24.1.1.16 | K24: N/A | L24: Aug 29, 2024 03:28:46 PM | M24: server | N24: VMware, Inc. VMware20,1 | O24: Linux | P24: Linux,Oracle Server release 9.4 5.14.0-427.33.1.el9_4.x86_64 | Q24: 64 bit | R24: 15 GB | S24: 2 | T24: Intel(R) Xeon(R) Gold 6348 CPU @ 2.60GHz | U24: 4 | V24: Online | W24: Connected | X24: Up to date | Y24: Aborted( Sep 02, 2024 06:39:33 PM ) | Z24: 192.168.40.136 | AA24: No | AB24: Off | AC24: efc09278-285e-9d28-12d5-a403ff887420 | AD24: 2.0276652e+18 | AE24: N/A | AF24: N/A | AG24: Not disabled | AH24: N/A | AI24: Sep 06, 2024 01:33:24 PM | AJ24: RPM | AK24: No | AL24: No | AM24: disabled | AN24: N/A | AO24: N/A | AP24: N/A | AQ24: N/A | AR24: N/A | AS24: N/A | AT24: N/A | AU24: N/A | AV24: N/A | AW24: N/A | AX24: N/A | AY24: N/A | AZ24: N/A | BA24: N/A | BB24: N/A | BC24: N/A | BD24: N/A | BE24: N/A | BF24: N/A | BG24: N/A | BH24: N/A | BI24: N/A | BJ24: N/A | BK24: N/A | BL24: N/A | BM24: N/A | BN24: N/A | BO24: N/A | BP24: No | BQ24: N/A | BR24: N/A
A25: spbdoragru11 | B25: Default site | C25: N/A | D25: root | E25: SERVIDORES LINUX | F25: ACN : SAP, Impacto : A-CatastrÃ³fico | G25: unknown | H25: GRUPO INVEPAR | I25: 200.174.72.155 | J25: 24.1.1.16 | K25: N/A | L25: Aug 29, 2024 03:15:21 PM | M25: server | N25: Dell Inc. PowerEdge M620 | O25: Linux | P25: Linux,Red Hat Enterprise Server release 6.6 (Santiago) 2.6.32-504.1.3.el6.x86_64 | Q25: 64 bit | R25: 252 GB | S25: 2 | T25: Intel(R) Xeon(R) CPU E5-2660 v2 @ 2.20GHz | U25: 40 | V25: Online | W25: Connected | X25: Up to date | Y25: Completed( Aug 29, 2024 05:32:13 PM ) | Z25: 172.31.49.163 | AA25: No | AB25: Off | AC25: f09d9ac4-f6a2-40d1-3f22-9343cbd3744e | AD25: 2.0276584e+18 | AE25: N/A | AF25: N/A | AG25: Not disabled | AH25: N/A | AI25: Sep 01, 2024 06:10:49 AM | AJ25: RPM | AK25: No | AL25: No | AM25: disabled | AN25: N/A | AO25: N/A | AP25: N/A | AQ25: N/A | AR25: N/A | AS25: N/A | AT25: N/A | AU25: N/A | AV25: N/A | AW25: N/A | AX25: N/A | AY25: N/A | AZ25: N/A | BA25: N/A | BB25: N/A | BC25: N/A | BD25: N/A | BE25: N/A | BF25: N/A | BG25: N/A | BH25: N/A | BI25: N/A | BJ25: N/A | BK25: N/A | BL25: N/A | BM25: N/A | BN25: N/A | BO25: N/A | BP25: No | BQ25: N/A | BR25: N/A
A26: sprdapbigru02 | B26: Default site | C26: N/A | D26: root | E26: SERVIDORES LINUX | F26: None | G26: unknown | H26: GRUPO INVEPAR | I26: 177130117155 | J26: 24.1.1.16 | K26: N/A | L26: Aug 28, 2024 02:04:09 PM | M26: server | N26: Dell Inc. PowerEdge M620 | O26: Linux | P26: Linux,Red Hat Enterprise Server release 6.6 (Santiago) 2.6.32-504.8.1.el6.x86_64 | Q26: 64 bit | R26: 31 GB | S26: 1 | T26: Intel(R) Xeon(R) CPU E5-2630 v2 @ 2.60GHz | U26: 2 | V26: Online | W26: Connected | X26: Up to date | Y26: Completed( Aug 28, 2024 07:27:23 PM ) | Z26: 172.31.49.169 | AA26: No | AB26: Off | AC26: efeed8ed-b9f8-dd38-c284-419f6faa3021 | AD26: 2.0268978e+18 | AE26: N/A | AF26: N/A | AG26: Not disabled | AH26: N/A | AI26: Feb 03, 2024 12:06:45 PM | AJ26: RPM | AK26: No | AL26: No | AM26: disabled | AN26: N/A | AO26: N/A | AP26: N/A | AQ26: N/A | AR26: N/A | AS26: N/A | AT26: N/A | AU26: N/A | AV26: N/A | AW26: N/A | AX26: N/A | AY26: N/A | AZ26: N/A | BA26: N/A | BB26: N/A | BC26: N/A | BD26: N/A | BE26: N/A | BF26: N/A | BG26: N/A | BH26: N/A | BI26: N/A | BJ26: N/A | BK26: N/A | BL26: N/A | BM26: N/A | BN26: N/A | BO26: N/A | BP26: No | BQ26: N/A | BR26: N/A
A27: sdevapecgru01 | B27: Default site | C27: N/A | D27: root | E27: SERVIDORES LINUX | F27: None | G27: unknown | H27: GRUPO INVEPAR | I27: 177130117155 | J27: 23.2.2.4 | K27: N/A | L27: Aug 26, 2024 08:32:32 PM | M27: server | N27: VMware, Inc. VMware Virtual Platform | O27: Linux | P27: Linux,Red Hat Enterprise Server release 6.5 (Santiago) 2.6.32-431.el6.x86_64 | Q27: 64 bit | R27: 16 GB | S27: 1 | T27: Intel(R) Xeon(R) CPU E5-2660 v2 @ 2.20GHz | U27: 2 | V27: Offline | W27: Connected | X27: Up to date | Y27: Completed( Aug 26, 2024 10:28:29 PM ) | Z27: 172.31.52.103 | AA27: No | AB27: Off | AC27: 8edeea48-6dbe-be23-f883-d6463df83680 | AD27: 2.0256438e+18 | AE27: N/A | AF27: N/A | AG27: Not disabled | AH27: N/A | AI27: Oct 17, 2023 01:41:37 PM | AJ27: RPM | AK27: No | AL27: No | AM27: disabled | AN27: N/A | AO27: N/A | AP27: N/A | AQ27: N/A | AR27: N/A | AS27: N/A | AT27: N/A | AU27: N/A | AV27: N/A | AW27: N/A | AX27: N/A | AY27: N/A | AZ27: N/A | BA27: N/A | BB27: N/A | BC27: N/A | BD27: N/A | BE27: N/A | BF27: N/A | BG27: N/A | BH27: N/A | BI27: N/A | BJ27: N/A | BK27: N/A | BL27: N/A | BM27: N/A | BN27: N/A | BO27: N/A | BP27: No | BQ27: N/A | BR27: N/A
A28: SPRDAPRMAGRU05 | B28: Default site | C28: N/A | D28: root | E28: SERVIDORES LINUX | F28: None | G28: GRU.LOCAL | H28: GRUPO INVEPAR | I28: 200.174.72.155 | J28: 23.2.2.4 | K28: N/A | L28: Aug 26, 2024 08:30:41 PM | M28: server | N28: VMware, Inc. VMware Virtual Platform | O28: Linux | P28: Linux,Ubuntu 20.04.1 LTS 5.4.0-120-generic | Q28: 64 bit | R28: 4 GB | S28: 2 | T28: Intel(R) Xeon(R) CPU E5-4620 v2 @ 2.60GHz | U28: 2 | V28: Online | W28: Connected | X28: Up to date | Y28: Completed( Aug 26, 2024 11:09:20 PM ) | Z28: 172.31.50.145 | AA28: No | AB28: Off | AC28: 95ebe468-7c11-985b-ede1-3eb070fe23f3 | AD28: 2.0256428e+18 | AE28: N/A | AF28: N/A | AG28: Not disabled | AH28: N/A | AI28: Aug 23, 2023 05:36:29 AM | AJ28: DEB | AK28: No | AL28: No | AM28: disabled | AN28: N/A | AO28: N/A | AP28: N/A | AQ28: N/A | AR28: N/A | AS28: N/A | AT28: N/A | AU28: N/A | AV28: N/A | AW28: N/A | AX28: N/A | AY28: N/A | AZ28: N/A | BA28: N/A | BB28: N/A | BC28: N/A | BD28: N/A | BE28: N/A | BF28: N/A | BG28: N/A | BH28: N/A | BI28: N/A | BJ28: N/A | BK28: N/A | BL28: N/A | BM28: N/A | BN28: N/A | BO28: N/A | BP28: No | BQ28: N/A | BR28: N/A
A29: SPRDAPRMAGRU03 | B29: Default site | C29: N/A | D29: root | E29: SERVIDORES LINUX | F29: None | G29: unknown | H29: GRUPO INVEPAR | I29: 177130117155 | J29: 23.1.1.7 | K29: N/A | L29: Aug 26, 2024 08:30:05 PM | M29: server | N29: VMware, Inc. VMware Virtual Platform | O29: Linux | P29: Linux,Ubuntu 20.04.1 LTS 5.4.0-54-generic | Q29: 64 bit | R29: 7 GB | S29: 2 | T29: Intel(R) Xeon(R) CPU E5-4640 0 @ 2.40GHz | U29: 2 | V29: Online | W29: Connected | X29: Up to date | Y29: Completed( Aug 26, 2024 10:57:39 PM ) | Z29: 172.31.50.142 | AA29: No | AB29: Off | AC29: 567894c7-ce2f-d977-db89-2620dc51e9cc | AD29: 2.0256425e+18 | AE29: N/A | AF29: N/A | AG29: Not disabled | AH29: N/A | AI29: Jul 17, 2024 12:33:52 PM | AJ29: DEB | AK29: No | AL29: No | AM29: disabled | AN29: N/A | AO29: N/A | AP29: N/A | AQ29: N/A | AR29: N/A | AS29: N/A | AT29: N/A | AU29: N/A | AV29: N/A | AW29: N/A | AX29: N/A | AY29: N/A | AZ29: N/A | BA29: N/A | BB29: N/A | BC29: N/A | BD29: N/A | BE29: N/A | BF29: N/A | BG29: N/A | BH29: N/A | BI29: N/A | BJ29: N/A | BK29: N/A | BL29: N/A | BM29: N/A | BN29: N/A | BO29: N/A | BP29: No | BQ29: N/A | BR29: N/A
A30: SPRDAPRMAGRU01 | B30: Default site | C30: N/A | D30: root | E30: SERVIDORES LINUX | F30: None | G30: unknown | H30: GRUPO INVEPAR | I30: 200.174.72.155 | J30: 23.1.1.7 | K30: N/A | L30: Aug 26, 2024 08:30:04 PM | M30: server | N30: VMware, Inc. VMware Virtual Platform | O30: Linux | P30: Linux,Ubuntu 20.04.1 LTS 5.4.0-120-generic | Q30: 64 bit | R30: 4 GB | S30: 2 | T30: Intel(R) Xeon(R) CPU E5-4640 0 @ 2.40GHz | U30: 2 | V30: Online | W30: Connected | X30: Up to date | Y30: Completed( Aug 26, 2024 09:48:17 PM ) | Z30: 172.31.50.140 | AA30: No | AB30: Off | AC30: 56548d31-dcb5-d53e-4faf-f0191de0f361 | AD30: 2.0256425e+18 | AE30: N/A | AF30: N/A | AG30: Not disabled | AH30: N/A | AI30: Jun 20, 2022 03:46:51 PM | AJ30: DEB | AK30: No | AL30: No | AM30: disabled | AN30: N/A | AO30: N/A | AP30: N/A | AQ30: N/A | AR30: N/A | AS30: N/A | AT30: N/A | AU30: N/A | AV30: N/A | AW30: N/A | AX30: N/A | AY30: N/A | AZ30: N/A | BA30: N/A | BB30: N/A | BC30: N/A | BD30: N/A | BE30: N/A | BF30: N/A | BG30: N/A | BH30: N/A | BI30: N/A | BJ30: N/A | BK30: N/A | BL30: N/A | BM30: N/A | BN30: N/A | BO30: N/A | BP30: No | BQ30: N/A | BR30: N/A
A31: SPRDAPRMAGRU02 | B31: Default site | C31: N/A | D31: root | E31: SERVIDORES LINUX | F31: None | G31: unknown | H31: GRUPO INVEPAR | I31: 177130117155 | J31: 23.2.2.4 | K31: N/A | L31: Aug 26, 2024 08:29:32 PM | M31: server | N31: VMware, Inc. VMware Virtual Platform | O31: Linux | P31: Linux,Ubuntu 20.04.1 LTS 5.4.0-120-generic | Q31: 64 bit | R31: 4 GB | S31: 2 | T31: Intel(R) Xeon(R) CPU E5-4640 0 @ 2.40GHz | U31: 2 | V31: Online | W31: Connected | X31: Up to date | Y31: Completed( Aug 26, 2024 09:34:48 PM ) | Z31: 172.31.50.141 | AA31: No | AB31: Off | AC31: 95a51dd9-6343-08e3-bc06-a40972c79a1c | AD31: 2.0256422e+18 | AE31: N/A | AF31: N/A | AG31: Not disabled | AH31: N/A | AI31: Jul 02, 2024 02:18:20 PM | AJ31: DEB | AK31: No | AL31: No | AM31: disabled | AN31: N/A | AO31: N/A | AP31: N/A | AQ31: N/A | AR31: N/A | AS31: N/A | AT31: N/A | AU31: N/A | AV31: N/A | AW31: N/A | AX31: N/A | AY31: N/A | AZ31: N/A | BA31: N/A | BB31: N/A | BC31: N/A | BD31: N/A | BE31: N/A | BF31: N/A | BG31: N/A | BH31: N/A | BI31: N/A | BJ31: N/A | BK31: N/A | BL31: N/A | BM31: N/A | BN31: N/A | BO31: N/A | BP31: No | BQ31: N/A | BR31: N/A
A32: sdqbdoragru01 | B32: Default site | C32: N/A | D32: root | E32: SERVIDORES LINUX | F32: None | G32: unknown | H32: GRUPO INVEPAR | I32: 177130117155 | J32: 24.1.1.16 | K32: N/A | L32: Aug 26, 2024 08:06:24 PM | M32: server | N32: VMware, Inc. VMware Virtual Platform | O32: Linux | P32: Linux,Red Hat Enterprise Server release 6.5 (Santiago) 2.6.32-431.el6.x86_64 | Q32: 64 bit | R32: 98 GB | S32: 2 | T32: Intel(R) Xeon(R) CPU E5-2660 v2 @ 2.20GHz | U32: 4 | V32: Online | W32: Connected | X32: Up to date | Y32: Completed( Aug 26, 2024 11:13:12 PM ) | Z32: 172.31.52.106 | AA32: No | AB32: Off | AC32: ef2bda84-1fa0-f6e9-e519-edf898b703ab | AD32: 2.0256306e+18 | AE32: N/A | AF32: N/A | AG32: Not disabled | AH32: N/A | AI32: Oct 31, 2022 05:12:09 PM | AJ32: RPM | AK32: No | AL32: No | AM32: disabled | AN32: N/A | AO32: N/A | AP32: N/A | AQ32: N/A | AR32: N/A | AS32: N/A | AT32: N/A | AU32: N/A | AV32: N/A | AW32: N/A | AX32: N/A | AY32: N/A | AZ32: N/A | BA32: N/A | BB32: N/A | BC32: N/A | BD32: N/A | BE32: N/A | BF32: N/A | BG32: N/A | BH32: N/A | BI32: N/A | BJ32: N/A | BK32: N/A | BL32: N/A | BM32: N/A | BN32: N/A | BO32: N/A | BP32: No | BQ32: N/A | BR32: N/A
A33: sprdapsmgru02 | B33: Default site | C33: N/A | D33: root | E33: SERVIDORES LINUX | F33: ACN : SAP, Impacto : B-Perigoso | G33: unknown | H33: GRUPO INVEPAR | I33: 177130117155 | J33: 23.2.2.4 | K33: N/A | L33: Aug 26, 2024 03:29:58 PM | M33: server | N33: Dell Inc. PowerEdge M620 | O33: Linux | P33: Linux,Red Hat Enterprise Server release 6.6 (Santiago) 2.6.32-504.8.1.el6.x86_64 | Q33: 64 bit | R33: 31 GB | S33: 2 | T33: Intel(R) Xeon(R) CPU E5-2630 v2 @ 2.60GHz | U33: 12 | V33: Online | W33: Connected | X33: Up to date | Y33: Completed( Aug 26, 2024 05:43:38 PM ) | Z33: 172.31.49.147 | AA33: No | AB33: Off | AC33: 918350a4-8ef6-14f6-d47d-4b547a0693ac | AD33: 2.0254915e+18 | AE33: N/A | AF33: N/A | AG33: Not disabled | AH33: N/A | AI33: Dec 04, 2024 03:06:57 PM | AJ33: RPM | AK33: No | AL33: No | AM33: disabled | AN33: N/A | AO33: N/A | AP33: N/A | AQ33: N/A | AR33: N/A | AS33: N/A | AT33: N/A | AU33: N/A | AV33: N/A | AW33: N/A | AX33: N/A | AY33: N/A | AZ33: N/A | BA33: N/A | BB33: N/A | BC33: N/A | BD33: N/A | BE33: N/A | BF33: N/A | BG33: N/A | BH33: N/A | BI33: N/A | BJ33: N/A | BK33: N/A | BL33: N/A | BM33: N/A | BN33: N/A | BO33: N/A | BP33: No | BQ33: N/A | BR33: N/A
A34: SPRDSIEM02 | B34: Default site | C34: N/A | D34: root | E34: SERVIDORES LINUX | F34: None | G34: gru.local | H34: GRUPO INVEPAR | I34: 177130117155 | J34: 23.4.2.14 | K34: N/A | L34: Aug 22, 2024 08:01:12 PM | M34: server | N34: VMware, Inc. VMware Virtual Platform | O34: Linux | P34: Linux,Debian GNU/11 (bullseye) 5.10.0-22-amd64 | Q34: 64 bit | R34: 16 GB | S34: 4 | T34: Intel(R) Xeon(R) Platinum 8176 CPU @ 2.10GHz | U34: 4 | V34: Online | W34: Connected | X34: Up to date | Y34: Completed( Aug 22, 2024 08:14:36 PM ) | Z34: 172.31.46.31 | AA34: No | AB34: Off | AC34: ee67d2e6-d203-3869-7f2a-286967b892d7 | AD34: 2.0227289e+18 | AE34: N/A | AF34: N/A | AG34: Not disabled | AH34: N/A | AI34: Aug 22, 2024 08:00:43 PM | AJ34: DEB | AK34: No | AL34: No | AM34: disabled | AN34: N/A | AO34: N/A | AP34: N/A | AQ34: N/A | AR34: N/A | AS34: N/A | AT34: N/A | AU34: N/A | AV34: N/A | AW34: N/A | AX34: N/A | AY34: N/A | AZ34: N/A | BA34: N/A | BB34: N/A | BC34: N/A | BD34: N/A | BE34: N/A | BF34: N/A | BG34: N/A | BH34: N/A | BI34: N/A | BJ34: N/A | BK34: N/A | BL34: N/A | BM34: N/A | BN34: N/A | BO34: N/A | BP34: No | BQ34: N/A | BR34: N/A
A35: SPRDSIEM01 | B35: Default site | C35: N/A | D35: root | E35: SERVIDORES LINUX | F35: None | G35: gru.local | H35: GRUPO INVEPAR | I35: 177130117155 | J35: 23.4.2.14 | K35: N/A | L35: Aug 22, 2024 08:01:09 PM | M35: server | N35: VMware, Inc. VMware Virtual Platform | O35: Linux | P35: Linux,Debian GNU/11 (bullseye) 5.10.0-22-amd64 | Q35: 64 bit | R35: 16 GB | S35: 4 | T35: Intel(R) Xeon(R) Gold 6348 CPU @ 2.60GHz | U35: 4 | V35: Online | W35: Connected | X35: Up to date | Y35: Completed( Aug 22, 2024 08:14:13 PM ) | Z35: 172.31.46.30 | AA35: No | AB35: Off | AC35: ee6760d9-3754-ba27-3a09-fdae6cf96c47 | AD35: 2.0227289e+18 | AE35: N/A | AF35: N/A | AG35: Not disabled | AH35: N/A | AI35: Aug 22, 2024 07:45:10 PM | AJ35: DEB | AK35: No | AL35: No | AM35: disabled | AN35: N/A | AO35: N/A | AP35: N/A | AQ35: N/A | AR35: N/A | AS35: N/A | AT35: N/A | AU35: N/A | AV35: N/A | AW35: N/A | AX35: N/A | AY35: N/A | AZ35: N/A | BA35: N/A | BB35: N/A | BC35: N/A | BD35: N/A | BE35: N/A | BF35: N/A | BG35: N/A | BH35: N/A | BI35: N/A | BJ35: N/A | BK35: N/A | BL35: N/A | BM35: N/A | BN35: N/A | BO35: N/A | BP35: No | BQ35: N/A | BR35: N/A
A36: SPRDVCCHOGRU01 | B36: Default site | C36: N/A | D36: root | E36: SERVIDORES LINUX | F36: None | G36: unknown | H36: GRUPO INVEPAR | I36: 177130117155 | J36: 24.1.1.16 | K36: N/A | L36: Aug 22, 2024 07:33:02 PM | M36: server | N36: VMware, Inc. VMware Virtual Platform | O36: Linux | P36: Linux,SUSE Enterprise Server 12 SP5 4.12.14-122.216-default | Q36: 64 bit | R36: 16 GB | S36: 4 | T36: Intel(R) Xeon(R) Gold 6348 CPU @ 2.60GHz | U36: 4 | V36: Online | W36: Connected | X36: Up to date | Y36: Completed( Aug 22, 2024 08:10:57 PM ) | Z36: 172.31.6.25 | AA36: No | AB36: Off | AC36: eee47325-6dc8-6f29-c944-66574126b40e | AD36: 2.0227147e+18 | AE36: N/A | AF36: N/A | AG36: Not disabled | AH36: N/A | AI36: Jan 30, 2025 01:54:37 PM | AJ36: RPM | AK36: No | AL36: No | AM36: disabled | AN36: N/A | AO36: N/A | AP36: N/A | AQ36: N/A | AR36: N/A | AS36: N/A | AT36: N/A | AU36: N/A | AV36: N/A | AW36: N/A | AX36: N/A | AY36: N/A | AZ36: N/A | BA36: N/A | BB36: N/A | BC36: N/A | BD36: N/A | BE36: N/A | BF36: N/A | BG36: N/A | BH36: N/A | BI36: N/A | BJ36: N/A | BK36: N/A | BL36: N/A | BM36: N/A | BN36: N/A | BO36: N/A | BP36: No | BQ36: N/A | BR36: N/A
A37: SPRDAPNTWSGRU01 | B37: Default site | C37: N/A | D37: root | E37: SERVIDORES LINUX | F37: ACN : INFRA CRITICA, Impacto : B-Perigoso | G37: unknown | H37: GRUPO INVEPAR | I37: 200.174.72.155 | J37: 24.1.1.16 | K37: N/A | L37: Aug 22, 2024 06:37:28 PM | M37: server | N37: VMware, Inc. VMware20,1 | O37: Linux | P37: Linux,Red Hat Enterprise release 8.10 (Ootpa) 4.18.0-553.36.1.el8_10.x86_64 | Q37: 64 bit | R37: 31 GB | S37: 1 | T37: Intel(R) Xeon(R) Gold 6348 CPU @ 2.60GHz | U37: 4 | V37: Online | W37: Connected | X37: Up to date | Y37: Completed( Aug 22, 2024 07:14:43 PM ) | Z37: 172.31.62.186 | AA37: No | AB37: Off | AC37: eed433dc-809b-f3df-ae6a-91be993e0db6 | AD37: 2.0226867e+18 | AE37: N/A | AF37: N/A | AG37: Not disabled | AH37: N/A | AI37: Jan 29, 2025 03:07:30 PM | AJ37: RPM | AK37: No | AL37: No | AM37: disabled | AN37: N/A | AO37: N/A | AP37: N/A | AQ37: N/A | AR37: N/A | AS37: N/A | AT37: N/A | AU37: N/A | AV37: N/A | AW37: N/A | AX37: N/A | AY37: N/A | AZ37: N/A | BA37: N/A | BB37: N/A | BC37: N/A | BD37: N/A | BE37: N/A | BF37: N/A | BG37: N/A | BH37: N/A | BI37: N/A | BJ37: N/A | BK37: N/A | BL37: N/A | BM37: N/A | BN37: N/A | BO37: N/A | BP37: No | BQ37: N/A | BR37: N/A
A38: SPRDAPNMCGRU01 | B38: Default site | C38: N/A | D38: root | E38: SERVIDORES LINUX | F38: None | G38: unknown | H38: GRUPO INVEPAR | I38: 177130117155 | J38: 24.1.1.16 | K38: N/A | L38: Aug 22, 2024 06:28:48 PM | M38: server | N38: VMware, Inc. VMware20,1 | O38: Linux | P38: Linux,Red Hat Enterprise release 8.10 (Ootpa) 4.18.0-553.36.1.el8_10.x86_64 | Q38: 64 bit | R38: 31 GB | S38: 1 | T38: Intel(R) Xeon(R) Gold 6348 CPU @ 2.60GHz | U38: 4 | V38: Online | W38: Connected | X38: Up to date | Y38: Completed( Aug 22, 2024 07:01:38 PM ) | Z38: 172.31.62.187 | AA38: No | AB38: Off | AC38: ee32f16c-acfd-28d2-0c33-0a128bef7ca0 | AD38: 2.0226824e+18 | AE38: N/A | AF38: N/A | AG38: Not disabled | AH38: N/A | AI38: Jan 30, 2025 05:59:19 PM | AJ38: RPM | AK38: No | AL38: No | AM38: disabled | AN38: N/A | AO38: N/A | AP38: N/A | AQ38: N/A | AR38: N/A | AS38: N/A | AT38: N/A | AU38: N/A | AV38: N/A | AW38: N/A | AX38: N/A | AY38: N/A | AZ38: N/A | BA38: N/A | BB38: N/A | BC38: N/A | BD38: N/A | BE38: N/A | BF38: N/A | BG38: N/A | BH38: N/A | BI38: N/A | BJ38: N/A | BK38: N/A | BL38: N/A | BM38: N/A | BN38: N/A | BO38: N/A | BP38: No | BQ38: N/A | BR38: N/A
A39: sprdapssagru01 | B39: Default site | C39: N/A | D39: root | E39: SERVIDORES LINUX | F39: ACN : INFRA CRITICA, Impacto : B-Perigoso | G39: unknown | H39: GRUPO INVEPAR | I39: 200.174.72.155 | J39: 24.1.1.16 | K39: N/A | L39: Aug 22, 2024 05:44:14 PM | M39: server | N39: VMware, Inc. VMware Virtual Platform | O39: Linux | P39: Linux,CentOS release 7.9.2009 (Core) 3.10.0-1160.88.1.el7.x86_64 | Q39: 64 bit | R39: 8 GB | S39: 2 | T39: Intel(R) Xeon(R) Gold 6348 CPU @ 2.60GHz | U39: 2 | V39: Online | W39: Connected | X39: Up to date | Y39: Completed( Aug 22, 2024 06:02:41 PM ) | Z39: 172.31.46.24 | AA39: No | AB39: Off | AC39: eef4e50a-fb78-224b-42c4-eef941e5ab73 | AD39: 2.0226599e+18 | AE39: N/A | AF39: N/A | AG39: Not disabled | AH39: N/A | AI39: Aug 13, 2024 08:49:51 PM | AJ39: RPM | AK39: No | AL39: No | AM39: disabled | AN39: N/A | AO39: N/A | AP39: N/A | AQ39: N/A | AR39: N/A | AS39: N/A | AT39: N/A | AU39: N/A | AV39: N/A | AW39: N/A | AX39: N/A | AY39: N/A | AZ39: N/A | BA39: N/A | BB39: N/A | BC39: N/A | BD39: N/A | BE39: N/A | BF39: N/A | BG39: N/A | BH39: N/A | BI39: N/A | BJ39: N/A | BK39: N/A | BL39: N/A | BM39: N/A | BN39: N/A | BO39: N/A | BP39: No | BQ39: N/A | BR39: N/A
A40: SPRDAPVPRGRU03 | B40: Default site | C40: N/A | D40: root | E40: SERVIDORES LINUX | F40: None | G40: GRU.LOCAL | H40: GRUPO INVEPAR | I40: 177130117155 | J40: 24.1.1.16 | K40: N/A | L40: Aug 22, 2024 03:38:07 PM | M40: server | N40: VMware, Inc. VMware Virtual Platform | O40: Linux | P40: Linux,SUSE Enterprise Server 12 SP5 4.12.14-122.194-default | Q40: 64 bit | R40: 8 GB | S40: 4 | T40: Intel(R) Xeon(R) CPU E5-4620 v2 @ 2.60GHz | U40: 4 | V40: Offline | W40: Connected | X40: Up to date | Y40: Completed( Aug 22, 2024 04:29:38 PM ) | Z40: 172.31.62.195 | AA40: No | AB40: Off | AC40: ee0d9176-16f7-1c0a-a1bb-299414175a52 | AD40: 2.0225965e+18 | AE40: N/A | AF40: N/A | AG40: Not disabled | AH40: N/A | AI40: Jul 30, 2024 07:06:26 PM | AJ40: RPM | AK40: No | AL40: No | AM40: disabled | AN40: N/A | AO40: N/A | AP40: N/A | AQ40: N/A | AR40: N/A | AS40: N/A | AT40: N/A | AU40: N/A | AV40: N/A | AW40: N/A | AX40: N/A | AY40: N/A | AZ40: N/A | BA40: N/A | BB40: N/A | BC40: N/A | BD40: N/A | BE40: N/A | BF40: N/A | BG40: N/A | BH40: N/A | BI40: N/A | BJ40: N/A | BK40: N/A | BL40: N/A | BM40: N/A | BN40: N/A | BO40: N/A | BP40: No | BQ40: N/A | BR40: N/A
A41: SPRDAPVPRGRU04 | B41: Default site | C41: N/A | D41: root | E41: SERVIDORES LINUX | F41: None | G41: GRU.LOCAL | H41: GRUPO INVEPAR | I41: 177130117155 | J41: 24.1.1.16 | K41: N/A | L41: Aug 22, 2024 02:38:56 PM | M41: server | N41: VMware, Inc. VMware Virtual Platform | O41: Linux | P41: Linux,SUSE Enterprise Server 12 SP5 4.12.14-122.194-default | Q41: 64 bit | R41: 8 GB | S41: 4 | T41: Intel(R) Xeon(R) CPU E5-4640 0 @ 2.40GHz | U41: 4 | V41: Offline | W41: Connected | X41: Up to date | Y41: Completed( Aug 22, 2024 03:38:19 PM ) | Z41: 172.31.62.196 | AA41: No | AB41: Off | AC41: eed5ce79-7618-82f2-e267-048607dad3fa | AD41: 2.0225667e+18 | AE41: N/A | AF41: N/A | AG41: Not disabled | AH41: N/A | AI41: Jul 30, 2024 07:08:22 PM | AJ41: RPM | AK41: No | AL41: No | AM41: disabled | AN41: N/A | AO41: N/A | AP41: N/A | AQ41: N/A | AR41: N/A | AS41: N/A | AT41: N/A | AU41: N/A | AV41: N/A | AW41: N/A | AX41: N/A | AY41: N/A | AZ41: N/A | BA41: N/A | BB41: N/A | BC41: N/A | BD41: N/A | BE41: N/A | BF41: N/A | BG41: N/A | BH41: N/A | BI41: N/A | BJ41: N/A | BK41: N/A | BL41: N/A | BM41: N/A | BN41: N/A | BO41: N/A | BP41: No | BQ41: N/A | BR41: N/A
A42: SPRDAPVPRGRU02 | B42: Default site | C42: N/A | D42: root | E42: SERVIDORES LINUX | F42: None | G42: GRU.LOCAL | H42: GRUPO INVEPAR | I42: 177130117155 | J42: 24.1.1.16 | K42: N/A | L42: Aug 22, 2024 02:36:02 PM | M42: server | N42: VMware, Inc. VMware Virtual Platform | O42: Linux | P42: Linux,SUSE Enterprise Server 12 SP5 4.12.14-122.194-default | Q42: 64 bit | R42: 8 GB | S42: 4 | T42: Intel(R) Xeon(R) Platinum 8176 CPU @ 2.10GHz | U42: 4 | V42: Online | W42: Connected | X42: Up to date | Y42: Completed( Aug 22, 2024 02:54:26 PM ) | Z42: 172.31.62.194 | AA42: No | AB42: Off | AC42: eeaf8912-9b43-4de4-dfdd-f463cf414eed | AD42: 2.0225652e+18 | AE42: N/A | AF42: N/A | AG42: Not disabled | AH42: N/A | AI42: Aug 09, 2024 06:02:56 PM | AJ42: RPM | AK42: No | AL42: No | AM42: disabled | AN42: N/A | AO42: N/A | AP42: N/A | AQ42: N/A | AR42: N/A | AS42: N/A | AT42: N/A | AU42: N/A | AV42: N/A | AW42: N/A | AX42: N/A | AY42: N/A | AZ42: N/A | BA42: N/A | BB42: N/A | BC42: N/A | BD42: N/A | BE42: N/A | BF42: N/A | BG42: N/A | BH42: N/A | BI42: N/A | BJ42: N/A | BK42: N/A | BL42: N/A | BM42: N/A | BN42: N/A | BO42: N/A | BP42: No | BQ42: N/A | BR42: N/A
A43: SPRDAPVPRGRU01 | B43: Default site | C43: N/A | D43: root | E43: SERVIDORES LINUX | F43: None | G43: GRU.LOCAL | H43: GRUPO INVEPAR | I43: 200.174.72.155 | J43: 24.1.1.16 | K43: N/A | L43: Aug 22, 2024 02:35:33 PM | M43: server | N43: VMware, Inc. VMware Virtual Platform | O43: Linux | P43: Linux,SUSE Enterprise Server 12 SP5 4.12.14-122.194-default | Q43: 64 bit | R43: 8 GB | S43: 4 | T43: Intel(R) Xeon(R) Platinum 8176 CPU @ 2.10GHz | U43: 4 | V43: Online | W43: Connected | X43: Up to date | Y43: Completed( Aug 22, 2024 02:52:31 PM ) | Z43: 172.31.62.193 | AA43: No | AB43: Off | AC43: eea8b205-5e12-5fd5-e035-36044c94efaa | AD43: 2.022565e+18 | AE43: N/A | AF43: N/A | AG43: Not disabled | AH43: N/A | AI43: Aug 09, 2024 05:30:03 PM | AJ43: RPM | AK43: No | AL43: No | AM43: disabled | AN43: N/A | AO43: N/A | AP43: N/A | AQ43: N/A | AR43: N/A | AS43: N/A | AT43: N/A | AU43: N/A | AV43: N/A | AW43: N/A | AX43: N/A | AY43: N/A | AZ43: N/A | BA43: N/A | BB43: N/A | BC43: N/A | BD43: N/A | BE43: N/A | BF43: N/A | BG43: N/A | BH43: N/A | BI43: N/A | BJ43: N/A | BK43: N/A | BL43: N/A | BM43: N/A | BN43: N/A | BO43: N/A | BP43: No | BQ43: N/A | BR43: N/A
A44: SPRDAPNFSGRU01 | B44: Default site | C44: N/A | D44: root | E44: SERVIDORES LINUX | F44: None | G44: gru.local | H44: GRUPO INVEPAR | I44: 177130117155 | J44: 24.1.1.16 | K44: N/A | L44: Aug 22, 2024 12:30:41 PM | M44: server | N44: VMware, Inc. VMware20,1 | O44: Linux | P44: Linux,Red Hat Enterprise release 9.5 (Plow) 5.14.0-503.15.1.el9_5.x86_64 | Q44: 64 bit | R44: 7 GB | S44: 2 | T44: Intel(R) Xeon(R) Gold 6348 CPU @ 2.60GHz | U44: 4 | V44: Online | W44: Connected | X44: Up to date | Y44: Completed( Aug 22, 2024 12:45:03 PM ) | Z44: 172.31.49.68 | AA44: No | AB44: Off | AC44: eecbe9c9-bb2a-e82a-8524-5e1af13c7598 | AD44: 2.0225021e+18 | AE44: N/A | AF44: N/A | AG44: Not disabled | AH44: N/A | AI44: Dec 17, 2024 02:22:24 PM | AJ44: RPM | AK44: No | AL44: No | AM44: disabled | AN44: N/A | AO44: N/A | AP44: N/A | AQ44: N/A | AR44: N/A | AS44: N/A | AT44: N/A | AU44: N/A | AV44: N/A | AW44: N/A | AX44: N/A | AY44: N/A | AZ44: N/A | BA44: N/A | BB44: N/A | BC44: N/A | BD44: N/A | BE44: N/A | BF44: N/A | BG44: N/A | BH44: N/A | BI44: N/A | BJ44: N/A | BK44: N/A | BL44: N/A | BM44: N/A | BN44: N/A | BO44: N/A | BP44: No | BQ44: N/A | BR44: N/A
A45: SHOMAPNFSGRU01 | B45: Default site | C45: N/A | D45: root | E45: SERVIDORES LINUX | F45: None | G45: unknown | H45: GRUPO INVEPAR | I45: 200.174.72.155 | J45: 24.1.1.16 | K45: N/A | L45: Aug 22, 2024 12:30:40 PM | M45: server | N45: VMware, Inc. VMware7,1 | O45: Linux | P45: Linux,Red Hat Enterprise release 9.4 (Plow) 5.14.0-427.31.1.el9_4.x86_64 | Q45: 64 bit | R45: 7 GB | S45: 2 | T45: Intel(R) Xeon(R) CPU E5-2620 v2 @ 2.10GHz | U45: 4 | V45: Online | W45: Connected | X45: Up to date | Y45: Completed( Aug 22, 2024 01:13:32 PM ) | Z45: 10.36.52.20 | AA45: No | AB45: Off | AC45: eebfeea4-a03d-cad1-2358-b7b80b992c4a | AD45: 2.0225021e+18 | AE45: N/A | AF45: N/A | AG45: Not disabled | AH45: N/A | AI45: Aug 22, 2024 12:17:06 PM | AJ45: RPM | AK45: No | AL45: No | AM45: disabled | AN45: N/A | AO45: N/A | AP45: N/A | AQ45: N/A | AR45: N/A | AS45: N/A | AT45: N/A | AU45: N/A | AV45: N/A | AW45: N/A | AX45: N/A | AY45: N/A | AZ45: N/A | BA45: N/A | BB45: N/A | BC45: N/A | BD45: N/A | BE45: N/A | BF45: N/A | BG45: N/A | BH45: N/A | BI45: N/A | BJ45: N/A | BK45: N/A | BL45: N/A | BM45: N/A | BN45: N/A | BO45: N/A | BP45: No | BQ45: N/A | BR45: N/A
A46: sprdsapnasgru01 | B46: Default site | C46: N/A | D46: root | E46: SERVIDORES LINUX | F46: ACN : SAP, Impacto : B-Perigoso | G46: unknown | H46: GRUPO INVEPAR | I46: 200.174.72.155 | J46: 23.2.2.4 | K46: N/A | L46: Aug 21, 2024 07:05:31 PM | M46: server | N46: VMware, Inc. VMware Virtual Platform | O46: Linux | P46: Linux,Red Hat Enterprise Server release 6.6 (Santiago) 2.6.32-504.12.2.el6.x86_64 | Q46: 64 bit | R46: 8 GB | S46: 1 | T46: Intel(R) Xeon(R) Platinum 8176 CPU @ 2.10GHz | U46: 2 | V46: Online | W46: Connected | X46: Up to date | Y46: Completed( Aug 21, 2024 08:04:35 PM ) | Z46: 172.31.49.202 | AA46: No | AB46: Off | AC46: 95f8f008-d1a6-b976-ea9f-8a086c07e2c5 | AD46: 2.0219761e+18 | AE46: N/A | AF46: N/A | AG46: Not disabled | AH46: N/A | AI46: Jun 19, 2024 01:16:10 PM | AJ46: RPM | AK46: No | AL46: No | AM46: disabled | AN46: N/A | AO46: N/A | AP46: N/A | AQ46: N/A | AR46: N/A | AS46: N/A | AT46: N/A | AU46: N/A | AV46: N/A | AW46: N/A | AX46: N/A | AY46: N/A | AZ46: N/A | BA46: N/A | BB46: N/A | BC46: N/A | BD46: N/A | BE46: N/A | BF46: N/A | BG46: N/A | BH46: N/A | BI46: N/A | BJ46: N/A | BK46: N/A | BL46: N/A | BM46: N/A | BN46: N/A | BO46: N/A | BP46: No | BQ46: N/A | BR46: N/A
A47: sqasapecgru01 | B47: Default site | C47: N/A | D47: root | E47: SERVIDORES LINUX | F47: None | G47: unknown | H47: GRUPO INVEPAR | I47: 177130117155 | J47: 24.1.1.16 | K47: N/A | L47: Aug 21, 2024 06:11:25 PM | M47: server | N47: VMware, Inc. VMware Virtual Platform | O47: Linux | P47: Linux,Red Hat Enterprise Server release 6.10 (Santiago) 2.6.32-754.35.1.el6.x86_64 | Q47: 64 bit | R47: 47 GB | S47: 2 | T47: Intel(R) Xeon(R) CPU E5-2660 v2 @ 2.20GHz | U47: 4 | V47: Online | W47: Connected | X47: Up to date | Y47: Completed( Aug 21, 2024 08:39:28 PM ) | Z47: 172.31.52.105 | AA47: No | AB47: Off | AC47: eddb1beb-5746-4a2a-f425-c116d35fe2ec | AD47: 2.0219488e+18 | AE47: N/A | AF47: N/A | AG47: Not disabled | AH47: N/A | AI47: Jun 17, 2023 05:38:21 PM | AJ47: RPM | AK47: No | AL47: No | AM47: disabled | AN47: N/A | AO47: N/A | AP47: N/A | AQ47: N/A | AR47: N/A | AS47: N/A | AT47: N/A | AU47: N/A | AV47: N/A | AW47: N/A | AX47: N/A | AY47: N/A | AZ47: N/A | BA47: N/A | BB47: N/A | BC47: N/A | BD47: N/A | BE47: N/A | BF47: N/A | BG47: N/A | BH47: N/A | BI47: N/A | BJ47: N/A | BK47: N/A | BL47: N/A | BM47: N/A | BN47: N/A | BO47: N/A | BP47: No | BQ47: N/A | BR47: N/A
A48: SPRDMONGRU01 | B48: Default site | C48: N/A | D48: root | E48: SERVIDORES LINUX | F48: None | G48: unknown | H48: GRUPO INVEPAR | I48: 177130117155 | J48: 23.4.2.14 | K48: N/A | L48: Aug 21, 2024 04:02:12 PM | M48: server | N48: VMware, Inc. VMware Virtual Platform | O48: Linux | P48: Linux,Ubuntu 22.04.5 LTS 5.15.0-119-generic | Q48: 64 bit | R48: 8 GB | S48: 2 | T48: Intel(R) Xeon(R) CPU E5-4640 0 @ 2.40GHz | U48: 2 | V48: Online | W48: Connected | X48: Up to date | Y48: Completed( Aug 21, 2024 05:57:05 PM ) | Z48: 172.31.49.41 | AA48: No | AB48: Off | AC48: edbabd9f-f6f8-16da-5fb0-359e2ffbc89c | AD48: 2.0218838e+18 | AE48: N/A | AF48: N/A | AG48: Not disabled | AH48: N/A | AI48: Sep 02, 2024 08:22:45 PM | AJ48: DEB | AK48: No | AL48: No | AM48: disabled | AN48: N/A | AO48: N/A | AP48: N/A | AQ48: N/A | AR48: N/A | AS48: N/A | AT48: N/A | AU48: N/A | AV48: N/A | AW48: N/A | AX48: N/A | AY48: N/A | AZ48: N/A | BA48: N/A | BB48: N/A | BC48: N/A | BD48: N/A | BE48: N/A | BF48: N/A | BG48: N/A | BH48: N/A | BI48: N/A | BJ48: N/A | BK48: N/A | BL48: N/A | BM48: N/A | BN48: N/A | BO48: N/A | BP48: No | BQ48: N/A | BR48: N/A
A49: sprdapprmgru01 | B49: Default site | C49: N/A | D49: root | E49: SERVIDORES LINUX | F49: None | G49: unknown | H49: GRUPO INVEPAR | I49: 200.174.72.155 | J49: 23.4.2.14 | K49: N/A | L49: Aug 21, 2024 03:46:17 PM | M49: server | N49: VMware, Inc. VMware Virtual Platform | O49: Linux | P49: Linux,Ubuntu 22.04.4 LTS 5.15.0-92-generic | Q49: 64 bit | R49: 4 GB | S49: 2 | T49: Intel(R) Xeon(R) CPU E5-4640 0 @ 2.40GHz | U49: 2 | V49: Online | W49: Connected | X49: Up to date | Y49: Completed( Aug 21, 2024 05:25:29 PM ) | Z49: 172.31.50.167 | AA49: No | AB49: Off | AC49: eddb6613-7a70-1d60-4b90-ec7c1b57b140 | AD49: 2.0218758e+18 | AE49: N/A | AF49: N/A | AG49: Not disabled | AH49: N/A | AI49: Mar 09, 2024 01:12:12 AM | AJ49: DEB | AK49: No | AL49: No | AM49: disabled | AN49: N/A | AO49: N/A | AP49: N/A | AQ49: N/A | AR49: N/A | AS49: N/A | AT49: N/A | AU49: N/A | AV49: N/A | AW49: N/A | AX49: N/A | AY49: N/A | AZ49: N/A | BA49: N/A | BB49: N/A | BC49: N/A | BD49: N/A | BE49: N/A | BF49: N/A | BG49: N/A | BH49: N/A | BI49: N/A | BJ49: N/A | BK49: N/A | BL49: N/A | BM49: N/A | BN49: N/A | BO49: N/A | BP49: No | BQ49: N/A | BR49: N/A
A50: dacdb-gru | B50: Default site | C50: N/A | D50: root | E50: SERVIDORES LINUX | F50: None | G50: unknown | H50: GRUPO INVEPAR | I50: 177130117155 | J50: 24.1.1.16 | K50: N/A | L50: Aug 21, 2024 01:54:05 PM | M50: server | N50: VMware, Inc. VMware Virtual Platform | O50: Linux | P50: Linux,CentOS release 6.7 (Final) 2.6.32-754.10.1.el6.x86_64 | Q50: 64 bit | R50: 16 GB | S50: 2 | T50: Intel(R) Xeon(R) CPU E5-4640 0 @ 2.40GHz | U50: 4 | V50: Online | W50: Connected | X50: Up to date | Y50: Completed( Aug 21, 2024 08:58:47 PM ) | Z50: 192.168.40.134 | AA50: No | AB50: Off | AC50: edbc4298-fcea-8d07-75c0-4f0de923bc64 | AD50: 2.0218193e+18 | AE50: N/A | AF50: N/A | AG50: Not disabled | AH50: N/A | AI50: Jan 26, 2023 03:09:36 PM | AJ50: RPM | AK50: No | AL50: No | AM50: disabled | AN50: N/A | AO50: N/A | AP50: N/A | AQ50: N/A | AR50: N/A | AS50: N/A | AT50: N/A | AU50: N/A | AV50: N/A | AW50: N/A | AX50: N/A | AY50: N/A | AZ50: N/A | BA50: N/A | BB50: N/A | BC50: N/A | BD50: N/A | BE50: N/A | BF50: N/A | BG50: N/A | BH50: N/A | BI50: N/A | BJ50: N/A | BK50: N/A | BL50: N/A | BM50: N/A | BN50: N/A | BO50: N/A | BP50: No | BQ50: N/A | BR50: N/A
A51: dip-gru | B51: Default site | C51: N/A | D51: root | E51: SERVIDORES LINUX | F51: None | G51: unknown | H51: GRUPO INVEPAR | I51: 177130117155 | J51: 24.1.1.16 | K51: N/A | L51: Aug 21, 2024 01:37:39 PM | M51: server | N51: VMware, Inc. VMware Virtual Platform | O51: Linux | P51: Linux,CentOS release 6.7 (Final) 2.6.32-754.10.1.el6.x86_64 | Q51: 64 bit | R51: 16 GB | S51: 2 | T51: Intel(R) Xeon(R) CPU E5-4640 0 @ 2.40GHz | U51: 4 | V51: Offline | W51: Connected | X51: Up to date | Y51: Completed( Aug 21, 2024 04:17:37 PM ) | Z51: 192.168.40.135 | AA51: No | AB51: Off | AC51: ede30a22-e693-3792-4acc-75fe4a855762 | AD51: 2.0218111e+18 | AE51: N/A | AF51: N/A | AG51: Not disabled | AH51: N/A | AI51: Jan 12, 2024 03:22:33 PM | AJ51: RPM | AK51: No | AL51: No | AM51: disabled | AN51: N/A | AO51: N/A | AP51: N/A | AQ51: N/A | AR51: N/A | AS51: N/A | AT51: N/A | AU51: N/A | AV51: N/A | AW51: N/A | AX51: N/A | AY51: N/A | AZ51: N/A | BA51: N/A | BB51: N/A | BC51: N/A | BD51: N/A | BE51: N/A | BF51: N/A | BG51: N/A | BH51: N/A | BI51: N/A | BJ51: N/A | BK51: N/A | BL51: N/A | BM51: N/A | BN51: N/A | BO51: N/A | BP51: No | BQ51: N/A | BR51: N/A
A52: sprdapzbpxgru01 | B52: Default site | C52: N/A | D52: root | E52: SERVIDORES LINUX | F52: None | G52: unknown | H52: GRUPO INVEPAR | I52: 200.174.72.155 | J52: 23.4.2.14 | K52: N/A | L52: Aug 20, 2024 02:23:40 PM | M52: server | N52: VMware, Inc. VMware Virtual Platform | O52: Linux | P52: Linux,Ubuntu 20.04.6 LTS 5.4.0-193-generic | Q52: 64 bit | R52: 10 GB | S52: 2 | T52: Intel(R) Xeon(R) CPU E5-4640 0 @ 2.40GHz | U52: 8 | V52: Online | W52: Connected | X52: Up to date | Y52: Completed( Aug 20, 2024 04:43:11 PM ) | Z52: 172.16.253.84 | AA52: No | AB52: Off | AC52: ed09053b-8ed4-07be-c36a-66fae2f9f66f | AD52: 2.0211094e+18 | AE52: N/A | AF52: N/A | AG52: Not disabled | AH52: N/A | AI52: Aug 21, 2024 02:47:50 PM | AJ52: DEB | AK52: No | AL52: No | AM52: disabled | AN52: N/A | AO52: N/A | AP52: N/A | AQ52: N/A | AR52: N/A | AS52: N/A | AT52: N/A | AU52: N/A | AV52: N/A | AW52: N/A | AX52: N/A | AY52: N/A | AZ52: N/A | BA52: N/A | BB52: N/A | BC52: N/A | BD52: N/A | BE52: N/A | BF52: N/A | BG52: N/A | BH52: N/A | BI52: N/A | BJ52: N/A | BK52: N/A | BL52: N/A | BM52: N/A | BN52: N/A | BO52: N/A | BP52: No | BQ52: N/A | BR52: N/A
A53: sprdapgrfgru01 | B53: Default site | C53: N/A | D53: root | E53: SERVIDORES LINUX | F53: None | G53: unknown | H53: GRUPO INVEPAR | I53: 177130117155 | J53: 23.4.2.14 | K53: N/A | L53: Aug 19, 2024 05:53:55 PM | M53: server | N53: VMware, Inc. VMware Virtual Platform | O53: Linux | P53: Linux,Ubuntu 22.04.4 LTS 5.15.0-118-generic | Q53: 64 bit | R53: 4 GB | S53: 2 | T53: Intel(R) Xeon(R) CPU E5-4620 v2 @ 2.60GHz | U53: 2 | V53: Online | W53: Connected | X53: Up to date | Y53: Aborted( Aug 19, 2024 05:57:25 PM ) | Z53: 172.31.50.165 | AA53: No | AB53: Off | AC53: ed8d22d3-cc85-bec5-168b-5cbaa31edf0b | AD53: 2.0204905e+18 | AE53: N/A | AF53: N/A | AG53: Not disabled | AH53: N/A | AI53: Aug 19, 2024 06:27:02 PM | AJ53: DEB | AK53: No | AL53: No | AM53: disabled | AN53: N/A | AO53: N/A | AP53: N/A | AQ53: N/A | AR53: N/A | AS53: N/A | AT53: N/A | AU53: N/A | AV53: N/A | AW53: N/A | AX53: N/A | AY53: N/A | AZ53: N/A | BA53: N/A | BB53: N/A | BC53: N/A | BD53: N/A | BE53: N/A | BF53: N/A | BG53: N/A | BH53: N/A | BI53: N/A | BJ53: N/A | BK53: N/A | BL53: N/A | BM53: N/A | BN53: N/A | BO53: N/A | BP53: No | BQ53: N/A | BR53: N/A
A54: PRDRMADS02 | B54: Default site | C54: N/A | D54: root | E54: SERVIDORES LINUX | F54: None | G54: unknown | H54: GRUPO INVEPAR | I54: 177130117155 | J54: 24.1.1.16 | K54: N/A | L54: Aug 14, 2024 06:28:49 PM | M54: server | N54: VMware, Inc. VMware Virtual Platform | O54: Linux | P54: Linux,Red Hat Enterprise release 8.10 (Ootpa) 4.18.0-553.16.1.el8_10.x86_64 | Q54: 64 bit | R54: 7 GB | S54: 2 | T54: Intel(R) Xeon(R) Gold 6348 CPU @ 2.60GHz | U54: 4 | V54: Online | W54: Connected | X54: Up to date | Y54: Aborted( Aug 14, 2024 08:35:52 PM ) | Z54: 172.31.49.50 | AA54: No | AB54: Off | AC54: eb12df22-6fd5-9832-be04-ccac2eafc18b | AD54: 2.0168842e+18 | AE54: N/A | AF54: N/A | AG54: Not disabled | AH54: N/A | AI54: Sep 04, 2024 06:28:44 PM | AJ54: RPM | AK54: No | AL54: No | AM54: disabled | AN54: N/A | AO54: N/A | AP54: N/A | AQ54: N/A | AR54: N/A | AS54: N/A | AT54: N/A | AU54: N/A | AV54: N/A | AW54: N/A | AX54: N/A | AY54: N/A | AZ54: N/A | BA54: N/A | BB54: N/A | BC54: N/A | BD54: N/A | BE54: N/A | BF54: N/A | BG54: N/A | BH54: N/A | BI54: N/A | BJ54: N/A | BK54: N/A | BL54: N/A | BM54: N/A | BN54: N/A | BO54: N/A | BP54: No | BQ54: N/A | BR54: N/A
A55: SPRDAPNFSGRU01 | B55: Default site | C55: N/A | D55: root | E55: SERVIDORES LINUX | F55: None | G55: unknown | H55: GRUPO INVEPAR | I55: 177130117155 | J55: 24.1.1.16 | K55: N/A | L55: Aug 05, 2024 01:29:28 PM | M55: server | N55: VMware, Inc. VMware20,1 | O55: Linux | P55: Linux,Red Hat Enterprise release 9.4 (Plow) 5.14.0-427.31.1.el9_4.x86_64 | Q55: 64 bit | R55: 7 GB | S55: 2 | T55: Intel(R) Xeon(R) Gold 6348 CPU @ 2.60GHz | U55: 4 | V55: Offline | W55: Connected | X55: Up to date | Y55: Completed( Aug 05, 2024 01:59:53 PM ) | Z55: N/A | AA55: No | AB55: Off | AC55: e8036276-623f-2518-cef5-ecb74618e540 | AD55: 2.0102105e+18 | AE55: N/A | AF55: N/A | AG55: Not disabled | AH55: N/A | AI55: Aug 22, 2024 12:19:55 PM | AJ55: RPM | AK55: No | AL55: No | AM55: disabled | AN55: N/A | AO55: N/A | AP55: N/A | AQ55: N/A | AR55: N/A | AS55: N/A | AT55: N/A | AU55: N/A | AV55: N/A | AW55: N/A | AX55: N/A | AY55: N/A | AZ55: N/A | BA55: N/A | BB55: N/A | BC55: N/A | BD55: N/A | BE55: N/A | BF55: N/A | BG55: N/A | BH55: N/A | BI55: N/A | BJ55: N/A | BK55: N/A | BL55: N/A | BM55: N/A | BN55: N/A | BO55: N/A | BP55: No | BQ55: N/A | BR55: N/A
A56: SHOMRMAGRU02 | B56: Default site | C56: N/A | D56: root | E56: SERVIDORES LINUX | F56: None | G56: unknown | H56: GRUPO INVEPAR | I56: 200.174.72.155 | J56: 23.2.2.4 | K56: N/A | L56: Jul 31, 2024 03:20:24 PM | M56: server | N56: VMware, Inc. VMware Virtual Platform | O56: Linux | P56: Linux,Ubuntu 22.04.5 LTS 5.15.0-117-generic | Q56: 64 bit | R56: 8 GB | S56: 4 | T56: Intel(R) Xeon(R) CPU E5-2620 v2 @ 2.10GHz | U56: 4 | V56: Online | W56: Connected | X56: Out of date | Y56: Completed( Jul 31, 2024 04:37:11 PM ) | Z56: 10.36.52.19 | AA56: No | AB56: Off | AC56: e74aa839-858c-0fcb-bab1-d89040e06a52 | AD56: 2.0066425e+18 | AE56: N/A | AF56: N/A | AG56: Not disabled | AH56: N/A | AI56: Jul 31, 2024 03:11:26 PM | AJ56: DEB | AK56: No | AL56: No | AM56: disabled | AN56: N/A | AO56: N/A | AP56: N/A | AQ56: N/A | AR56: N/A | AS56: N/A | AT56: N/A | AU56: N/A | AV56: N/A | AW56: N/A | AX56: N/A | AY56: N/A | AZ56: N/A | BA56: N/A | BB56: N/A | BC56: N/A | BD56: N/A | BE56: N/A | BF56: N/A | BG56: N/A | BH56: N/A | BI56: N/A | BJ56: N/A | BK56: N/A | BL56: N/A | BM56: N/A | BN56: N/A | BO56: N/A | BP56: No | BQ56: N/A | BR56: N/A
A57: SHOMRMAGRU01 | B57: Default site | C57: N/A | D57: root | E57: SERVIDORES LINUX | F57: None | G57: gru.local | H57: GRUPO INVEPAR | I57: 177130117155 | J57: 23.2.2.4 | K57: N/A | L57: Jul 31, 2024 03:19:38 PM | M57: server | N57: VMware, Inc. VMware Virtual Platform | O57: Linux | P57: Linux,Ubuntu 22.04.5 LTS 5.15.0-117-generic | Q57: 64 bit | R57: 8 GB | S57: 4 | T57: Intel(R) Xeon(R) CPU E5-2620 v2 @ 2.10GHz | U57: 4 | V57: Online | W57: Connected | X57: Out of date | Y57: Completed( Jul 31, 2024 04:31:25 PM ) | Z57: 10.36.52.18 | AA57: No | AB57: Off | AC57: e73f41b7-5692-af9f-7dce-d472cf254d6b | AD57: 2.0066421e+18 | AE57: N/A | AF57: N/A | AG57: Not disabled | AH57: N/A | AI57: Jul 31, 2024 02:00:51 PM | AJ57: DEB | AK57: No | AL57: No | AM57: disabled | AN57: N/A | AO57: N/A | AP57: N/A | AQ57: N/A | AR57: N/A | AS57: N/A | AT57: N/A | AU57: N/A | AV57: N/A | AW57: N/A | AX57: N/A | AY57: N/A | AZ57: N/A | BA57: N/A | BB57: N/A | BC57: N/A | BD57: N/A | BE57: N/A | BF57: N/A | BG57: N/A | BH57: N/A | BI57: N/A | BJ57: N/A | BK57: N/A | BL57: N/A | BM57: N/A | BN57: N/A | BO57: N/A | BP57: No | BQ57: N/A | BR57: N/A
A58: SHOMRMAGRU05 | B58: Default site | C58: N/A | D58: root | E58: SERVIDORES LINUX | F58: None | G58: unknown | H58: GRUPO INVEPAR | I58: 177130117155 | J58: 23.2.2.4 | K58: N/A | L58: Jul 31, 2024 02:41:09 PM | M58: server | N58: VMware, Inc. VMware Virtual Platform | O58: Linux | P58: Linux,Ubuntu 22.04.5 LTS 5.15.0-117-generic | Q58: 64 bit | R58: 8 GB | S58: 4 | T58: Intel(R) Xeon(R) CPU E5-2620 v2 @ 2.10GHz | U58: 4 | V58: Online | W58: Connected | X58: Out of date | Y58: Completed( Jul 31, 2024 04:09:45 PM ) | Z58: 10.36.52.21 | AA58: No | AB58: Off | AC58: 8f00519b-604d-34f8-5e9f-b5aa6a2f7197 | AD58: 2.0066227e+18 | AE58: N/A | AF58: N/A | AG58: Not disabled | AH58: N/A | AI58: Jul 31, 2024 02:20:16 PM | AJ58: DEB | AK58: No | AL58: No | AM58: disabled | AN58: N/A | AO58: N/A | AP58: N/A | AQ58: N/A | AR58: N/A | AS58: N/A | AT58: N/A | AU58: N/A | AV58: N/A | AW58: N/A | AX58: N/A | AY58: N/A | AZ58: N/A | BA58: N/A | BB58: N/A | BC58: N/A | BD58: N/A | BE58: N/A | BF58: N/A | BG58: N/A | BH58: N/A | BI58: N/A | BJ58: N/A | BK58: N/A | BL58: N/A | BM58: N/A | BN58: N/A | BO58: N/A | BP58: No | BQ58: N/A | BR58: N/A
A59: SHOMRMAGRU04 | B59: Default site | C59: N/A | D59: root | E59: SERVIDORES LINUX | F59: None | G59: unknown | H59: GRUPO INVEPAR | I59: 177130117155 | J59: 23.2.2.4 | K59: N/A | L59: Jul 31, 2024 02:40:56 PM | M59: server | N59: VMware, Inc. VMware Virtual Platform | O59: Linux | P59: Linux,Ubuntu 22.04.5 LTS 5.15.0-117-generic | Q59: 64 bit | R59: 8 GB | S59: 4 | T59: Intel(R) Xeon(R) CPU E5-2620 v2 @ 2.10GHz | U59: 4 | V59: Online | W59: Connected | X59: Out of date | Y59: Completed( Jul 31, 2024 03:48:22 PM ) | Z59: 10.36.52.17 | AA59: No | AB59: Off | AC59: 8f4cafa5-a284-f0ae-85db-9fa6f9c50ba2 | AD59: 2.0066226e+18 | AE59: N/A | AF59: N/A | AG59: Not disabled | AH59: N/A | AI59: Jul 31, 2024 02:19:41 PM | AJ59: DEB | AK59: No | AL59: No | AM59: disabled | AN59: N/A | AO59: N/A | AP59: N/A | AQ59: N/A | AR59: N/A | AS59: N/A | AT59: N/A | AU59: N/A | AV59: N/A | AW59: N/A | AX59: N/A | AY59: N/A | AZ59: N/A | BA59: N/A | BB59: N/A | BC59: N/A | BD59: N/A | BE59: N/A | BF59: N/A | BG59: N/A | BH59: N/A | BI59: N/A | BJ59: N/A | BK59: N/A | BL59: N/A | BM59: N/A | BN59: N/A | BO59: N/A | BP59: No | BQ59: N/A | BR59: N/A
A60: SHOMRMAGRU03 | B60: Default site | C60: N/A | D60: root | E60: SERVIDORES LINUX | F60: None | G60: unknown | H60: GRUPO INVEPAR | I60: 200.174.72.155 | J60: 23.2.2.4 | K60: N/A | L60: Jul 31, 2024 02:40:39 PM | M60: server | N60: VMware, Inc. VMware Virtual Platform | O60: Linux | P60: Linux,Ubuntu 22.04.5 LTS 5.15.0-117-generic | Q60: 64 bit | R60: 8 GB | S60: 4 | T60: Intel(R) Xeon(R) CPU E5-2620 v2 @ 2.10GHz | U60: 4 | V60: Online | W60: Connected | X60: Out of date | Y60: Completed( Jul 31, 2024 04:13:00 PM ) | Z60: 10.36.52.22 | AA60: No | AB60: Off | AC60: 8fe118be-0599-c829-5fab-d09219d07ddc | AD60: 2.0066225e+18 | AE60: N/A | AF60: N/A | AG60: Not disabled | AH60: N/A | AI60: Jul 31, 2024 02:16:41 PM | AJ60: DEB | AK60: No | AL60: No | AM60: disabled | AN60: N/A | AO60: N/A | AP60: N/A | AQ60: N/A | AR60: N/A | AS60: N/A | AT60: N/A | AU60: N/A | AV60: N/A | AW60: N/A | AX60: N/A | AY60: N/A | AZ60: N/A | BA60: N/A | BB60: N/A | BC60: N/A | BD60: N/A | BE60: N/A | BF60: N/A | BG60: N/A | BH60: N/A | BI60: N/A | BJ60: N/A | BK60: N/A | BL60: N/A | BM60: N/A | BN60: N/A | BO60: N/A | BP60: No | BQ60: N/A | BR60: N/A
A61: SHOMRMAGRU02 | B61: Default site | C61: N/A | D61: root | E61: SERVIDORES LINUX | F61: None | G61: unknown | H61: GRUPO INVEPAR | I61: 177130117155 | J61: 23.2.2.4 | K61: N/A | L61: Jul 31, 2024 02:40:33 PM | M61: server | N61: VMware, Inc. VMware Virtual Platform | O61: Linux | P61: Linux,Ubuntu 22.04.4 LTS 5.15.0-117-generic | Q61: 64 bit | R61: 8 GB | S61: 4 | T61: Intel(R) Xeon(R) CPU E5-2620 v2 @ 2.10GHz | U61: 4 | V61: Offline | W61: Connected | X61: Up to date | Y61: Aborted( Jul 31, 2024 02:43:36 PM ) | Z61: 10.36.52.19 | AA61: No | AB61: Off | AC61: 8fdaf964-7734-52d4-edb9-d0e7b5823746 | AD61: 2.0066224e+18 | AE61: N/A | AF61: N/A | AG61: Not disabled | AH61: N/A | AI61: Jul 31, 2024 03:10:10 PM | AJ61: DEB | AK61: No | AL61: No | AM61: disabled | AN61: N/A | AO61: N/A | AP61: N/A | AQ61: N/A | AR61: N/A | AS61: N/A | AT61: N/A | AU61: N/A | AV61: N/A | AW61: N/A | AX61: N/A | AY61: N/A | AZ61: N/A | BA61: N/A | BB61: N/A | BC61: N/A | BD61: N/A | BE61: N/A | BF61: N/A | BG61: N/A | BH61: N/A | BI61: N/A | BJ61: N/A | BK61: N/A | BL61: N/A | BM61: N/A | BN61: N/A | BO61: N/A | BP61: No | BQ61: N/A | BR61: N/A
A62: SPRDAPCUPSGRU04 | B62: Default site | C62: N/A | D62: root | E62: SERVIDORES LINUX | F62: Impacto : A-CatastrÃ³fico, ACN : CMS | G62: unknown | H62: GRUPO INVEPAR | I62: 200.174.72.155 | J62: 24.1.1.16 | K62: N/A | L62: Jul 29, 2024 02:54:22 PM | M62: server | N62: VMware, Inc. VMware20,1 | O62: Linux | P62: Linux,Red Hat Enterprise release 9.5 (Plow) 5.14.0-503.19.1.el9_5.x86_64 | Q62: 64 bit | R62: 6 GB | S62: 2 | T62: Intel(R) Xeon(R) Gold 6348 CPU @ 2.60GHz | U62: 4 | V62: Online | W62: Connected | X62: Up to date | Y62: Aborted( Jul 30, 2024 11:59:01 AM ) | Z62: 172.31.49.209 | AA62: No | AB62: Off | AC62: e6b75846-1e51-b2d8-0ce6-7c606716a66e | AD62: 2.0051798e+18 | AE62: N/A | AF62: N/A | AG62: Not disabled | AH62: N/A | AI62: Dec 25, 2024 12:26:25 PM | AJ62: RPM | AK62: No | AL62: No | AM62: disabled | AN62: N/A | AO62: N/A | AP62: N/A | AQ62: N/A | AR62: N/A | AS62: N/A | AT62: N/A | AU62: N/A | AV62: N/A | AW62: N/A | AX62: N/A | AY62: N/A | AZ62: N/A | BA62: N/A | BB62: N/A | BC62: N/A | BD62: N/A | BE62: N/A | BF62: N/A | BG62: N/A | BH62: N/A | BI62: N/A | BJ62: N/A | BK62: N/A | BL62: N/A | BM62: N/A | BN62: N/A | BO62: N/A | BP62: No | BQ62: N/A | BR62: N/A
A63: SPRDAPCUPSGRU03 | B63: Default site | C63: N/A | D63: root | E63: SERVIDORES LINUX | F63: None | G63: unknown | H63: GRUPO INVEPAR | I63: 177130117155 | J63: 24.1.1.16 | K63: N/A | L63: Jul 29, 2024 02:53:44 PM | M63: server | N63: VMware, Inc. VMware20,1 | O63: Linux | P63: Linux,Red Hat Enterprise release 9.5 (Plow) 5.14.0-503.19.1.el9_5.x86_64 | Q63: 64 bit | R63: 6 GB | S63: 2 | T63: Intel(R) Xeon(R) Gold 6348 CPU @ 2.60GHz | U63: 4 | V63: Online | W63: Connected | X63: Up to date | Y63: Completed( Jul 29, 2024 03:09:07 PM ) | Z63: 172.31.49.208 | AA63: No | AB63: Off | AC63: e6ae43fc-ef92-b667-11bd-a755478f7752 | AD63: 2.0051795e+18 | AE63: N/A | AF63: N/A | AG63: Not disabled | AH63: N/A | AI63: Dec 25, 2024 12:19:01 PM | AJ63: RPM | AK63: No | AL63: No | AM63: disabled | AN63: N/A | AO63: N/A | AP63: N/A | AQ63: N/A | AR63: N/A | AS63: N/A | AT63: N/A | AU63: N/A | AV63: N/A | AW63: N/A | AX63: N/A | AY63: N/A | AZ63: N/A | BA63: N/A | BB63: N/A | BC63: N/A | BD63: N/A | BE63: N/A | BF63: N/A | BG63: N/A | BH63: N/A | BI63: N/A | BJ63: N/A | BK63: N/A | BL63: N/A | BM63: N/A | BN63: N/A | BO63: N/A | BP63: No | BQ63: N/A | BR63: N/A
A64: template-redhat9.4 | B64: Default site | C64: N/A | D64: root | E64: SERVIDORES LINUX | F64: None | G64: unknown | H64: GRUPO INVEPAR | I64: 177130117155 | J64: 24.1.1.16 | K64: N/A | L64: Jul 17, 2024 08:02:13 PM | M64: server | N64: VMware, Inc. VMware20,1 | O64: Linux | P64: Linux,Red Hat Enterprise release 9.4 (Plow) 5.14.0-427.26.1.el9_4.x86_64 | Q64: 64 bit | R64: 7 GB | S64: 2 | T64: Intel(R) Xeon(R) Gold 6348 CPU @ 2.60GHz | U64: 2 | V64: Offline | W64: Connected | X64: Up to date | Y64: Completed( Jul 17, 2024 08:45:42 PM ) | Z64: 192.168.0.55 | AA64: No | AB64: Off | AC64: e388d2f9-1398-ec9d-38bb-d49239e33aa0 | AD64: 1.9966375e+18 | AE64: N/A | AF64: N/A | AG64: Not disabled | AH64: N/A | AI64: Oct 16, 2024 07:23:49 PM | AJ64: RPM | AK64: No | AL64: No | AM64: disabled | AN64: N/A | AO64: N/A | AP64: N/A | AQ64: N/A | AR64: N/A | AS64: N/A | AT64: N/A | AU64: N/A | AV64: N/A | AW64: N/A | AX64: N/A | AY64: N/A | AZ64: N/A | BA64: N/A | BB64: N/A | BC64: N/A | BD64: N/A | BE64: N/A | BF64: N/A | BG64: N/A | BH64: N/A | BI64: N/A | BJ64: N/A | BK64: N/A | BL64: N/A | BM64: N/A | BN64: N/A | BO64: N/A | BP64: No | BQ64: N/A | BR64: N/A
A65: SPRDAPSSHGRU01 | B65: Default site | C65: N/A | D65: root | E65: SERVIDORES LINUX | F65: None | G65: unknown | H65: GRUPO INVEPAR | I65: 177130117155 | J65: 23.4.2.14 | K65: N/A | L65: Jul 17, 2024 07:10:46 PM | M65: server | N65: Dell Inc. PowerEdge M620 | O65: Linux | P65: Linux,Ubuntu 24.04.1 LTS 6.8.0-49-generic | Q65: 64 bit | R65: 63 GB | S65: 2 | T65: Intel(R) Xeon(R) CPU E5-2660 v2 @ 2.20GHz | U65: 40 | V65: Online | W65: Connected | X65: Up to date | Y65: Aborted( Jul 17, 2024 07:39:43 PM ) | Z65: 172.31.49.176 | AA65: No | AB65: Off | AC65: e3d82b5f-7397-3ef3-39b7-62a3fd6c83c8 | AD65: 1.9966116e+18 | AE65: N/A | AF65: N/A | AG65: Not disabled | AH65: N/A | AI65: Nov 26, 2024 01:29:36 PM | AJ65: DEB | AK65: No | AL65: No | AM65: disabled | AN65: N/A | AO65: N/A | AP65: N/A | AQ65: N/A | AR65: N/A | AS65: N/A | AT65: N/A | AU65: N/A | AV65: N/A | AW65: N/A | AX65: N/A | AY65: N/A | AZ65: N/A | BA65: N/A | BB65: N/A | BC65: N/A | BD65: N/A | BE65: N/A | BF65: N/A | BG65: N/A | BH65: N/A | BI65: N/A | BJ65: N/A | BK65: N/A | BL65: N/A | BM65: N/A | BN65: N/A | BO65: N/A | BP65: No | BQ65: N/A | BR65: N/A
A66: sprdapbigru01 | B66: Default site | C66: N/A | D66: root | E66: SERVIDORES LINUX | F66: ACN : SAP, Impacto : D-Menor | G66: unknown | H66: GRUPO INVEPAR | I66: 200.174.72.155 | J66: 24.1.1.16 | K66: N/A | L66: Jul 15, 2024 06:41:25 PM | M66: server | N66: Dell Inc. PowerEdge M620 | O66: Linux | P66: Linux,Red Hat Enterprise Server release 6.6 (Santiago) 2.6.32-504.8.1.el6.x86_64 | Q66: 64 bit | R66: 31 GB | S66: 1 | T66: Intel(R) Xeon(R) CPU E5-2630 v2 @ 2.60GHz | U66: 2 | V66: Online | W66: Connected | X66: Up to date | Y66: Completed( Jul 15, 2024 11:26:26 PM ) | Z66: 172.31.49.156 | AA66: No | AB66: Off | AC66: e284bdbe-c501-8de7-1ef4-6e9c1e733b9f | AD66: 1.9951472e+18 | AE66: N/A | AF66: N/A | AG66: Not disabled | AH66: N/A | AI66: Oct 24, 2023 12:48:28 PM | AJ66: RPM | AK66: No | AL66: No | AM66: disabled | AN66: N/A | AO66: N/A | AP66: N/A | AQ66: N/A | AR66: N/A | AS66: N/A | AT66: N/A | AU66: N/A | AV66: N/A | AW66: N/A | AX66: N/A | AY66: N/A | AZ66: N/A | BA66: N/A | BB66: N/A | BC66: N/A | BD66: N/A | BE66: N/A | BF66: N/A | BG66: N/A | BH66: N/A | BI66: N/A | BJ66: N/A | BK66: N/A | BL66: N/A | BM66: N/A | BN66: N/A | BO66: N/A | BP66: No | BQ66: N/A | BR66: N/A
A67: sprdaprpgru09 | B67: Default site | C67: N/A | D67: root | E67: SERVIDORES LINUX | F67: ACN : SAP, Impacto : B-Perigoso | G67: localhost | H67: GRUPO INVEPAR | I67: 177130117155 | J67: 23.4.2.14 | K67: N/A | L67: Jul 12, 2024 02:21:29 PM | M67: server | N67: VMware, Inc. VMware Virtual Platform | O67: Linux | P67: Linux,Ubuntu 16.04.6 LTS 4.4.0-210-generic | Q67: 64 bit | R67: 4 GB | S67: 2 | T67: Intel(R) Xeon(R) Gold 6348 CPU @ 2.60GHz | U67: 4 | V67: Online | W67: Connected | X67: Up to date | Y67: Completed( Jul 12, 2024 03:46:53 PM ) | Z67: 192.168.0.33 | AA67: No | AB67: Off | AC67: e117ed17-e71e-527d-bcdc-8b9588cd0e92 | AD67: 1.9928421e+18 | AE67: N/A | AF67: N/A | AG67: Not disabled | AH67: N/A | AI67: Aug 12, 2024 12:08:33 PM | AJ67: DEB | AK67: No | AL67: No | AM67: disabled | AN67: N/A | AO67: N/A | AP67: N/A | AQ67: N/A | AR67: N/A | AS67: N/A | AT67: N/A | AU67: N/A | AV67: N/A | AW67: N/A | AX67: N/A | AY67: N/A | AZ67: N/A | BA67: N/A | BB67: N/A | BC67: N/A | BD67: N/A | BE67: N/A | BF67: N/A | BG67: N/A | BH67: N/A | BI67: N/A | BJ67: N/A | BK67: N/A | BL67: N/A | BM67: N/A | BN67: N/A | BO67: N/A | BP67: No | BQ67: N/A | BR67: N/A
A68: SHOMBDMOOGRU01 | B68: Default site | C68: N/A | D68: root | E68: SERVIDORES LINUX | F68: None | G68: unknown | H68: GRUPO INVEPAR | I68: 177130117155 | J68: 23.4.2.14 | K68: N/A | L68: Jun 26, 2024 08:09:52 PM | M68: server | N68: VMware, Inc. VMware Virtual Platform | O68: Linux | P68: Linux,Ubuntu 22.04.4 LTS 5.15.0-112-generic | Q68: 64 bit | R68: 16 GB | S68: 3 | T68: Intel(R) Xeon(R) CPU E5-2620 v2 @ 2.10GHz | U68: 6 | V68: Online | W68: Connected | X68: Out of date | Y68: Completed( Jun 26, 2024 10:34:47 PM ) | Z68: 10.36.52.82 | AA68: No | AB68: Off | AC68: dcbd17d3-5508-43bb-cded-ec0144b78544 | AD68: 1.981421e+18 | AE68: N/A | AF68: N/A | AG68: Not disabled | AH68: N/A | AI68: Jun 26, 2024 07:55:37 PM | AJ68: DEB | AK68: No | AL68: No | AM68: disabled | AN68: N/A | AO68: N/A | AP68: N/A | AQ68: N/A | AR68: N/A | AS68: N/A | AT68: N/A | AU68: N/A | AV68: N/A | AW68: N/A | AX68: N/A | AY68: N/A | AZ68: N/A | BA68: N/A | BB68: N/A | BC68: N/A | BD68: N/A | BE68: N/A | BF68: N/A | BG68: N/A | BH68: N/A | BI68: N/A | BJ68: N/A | BK68: N/A | BL68: N/A | BM68: N/A | BN68: N/A | BO68: N/A | BP68: No | BQ68: N/A | BR68: N/A
A69: SHOMAPMOOGRU01 | B69: Default site | C69: N/A | D69: root | E69: SERVIDORES LINUX | F69: None | G69: unknown | H69: GRUPO INVEPAR | I69: 177130117155 | J69: 23.4.2.14 | K69: N/A | L69: Jun 26, 2024 08:08:45 PM | M69: server | N69: VMware, Inc. VMware Virtual Platform | O69: Linux | P69: Linux,Ubuntu 22.04.4 LTS 5.15.0-112-generic | Q69: 64 bit | R69: 8 GB | S69: 2 | T69: Intel(R) Xeon(R) CPU E5-2620 v2 @ 2.10GHz | U69: 4 | V69: Online | W69: Connected | X69: Out of date | Y69: Completed( Jun 26, 2024 09:38:14 PM ) | Z69: 10.36.52.81 | AA69: No | AB69: Off | AC69: dcae18dc-e22e-1081-6981-0675da641b8f | AD69: 1.9814205e+18 | AE69: N/A | AF69: N/A | AG69: Not disabled | AH69: N/A | AI69: Jun 26, 2024 06:05:27 PM | AJ69: DEB | AK69: No | AL69: No | AM69: disabled | AN69: N/A | AO69: N/A | AP69: N/A | AQ69: N/A | AR69: N/A | AS69: N/A | AT69: N/A | AU69: N/A | AV69: N/A | AW69: N/A | AX69: N/A | AY69: N/A | AZ69: N/A | BA69: N/A | BB69: N/A | BC69: N/A | BD69: N/A | BE69: N/A | BF69: N/A | BG69: N/A | BH69: N/A | BI69: N/A | BJ69: N/A | BK69: N/A | BL69: N/A | BM69: N/A | BN69: N/A | BO69: N/A | BP69: No | BQ69: N/A | BR69: N/A
A70: SPRDAPCMSGRU05 | B70: Default site | C70: N/A | D70: root | E70: SERVIDORES LINUX | F70: ACN : CMS, Impacto : A-CatastrÃ³fico | G70: unknown | H70: GRUPO INVEPAR | I70: 200.174.72.155 | J70: 24.1.1.16 | K70: N/A | L70: Jun 21, 2024 06:40:41 PM | M70: server | N70: Dell Inc. PowerEdge M620 | O70: Linux | P70: Linux,Red Hat Enterprise Server release 6.10 (Santiago) 2.6.32-754.11.1.el6.x86_64 | Q70: 64 bit | R70: 126 GB | S70: 2 | T70: Intel(R) Xeon(R) CPU E5-2640 0 @ 2.50GHz | U70: 24 | V70: Online | W70: Connected | X70: Up to date | Y70: Completed( Jun 22, 2024 12:30:21 AM ) | Z70: 172.31.49.90 | AA70: No | AB70: Off | AC70: db0c062e-1a62-e5ff-f74f-0df09b7ff0c4 | AD70: 1.9777523e+18 | AE70: N/A | AF70: N/A | AG70: Not disabled | AH70: N/A | AI70: Jul 26, 2023 07:58:33 PM | AJ70: RPM | AK70: No | AL70: No | AM70: disabled | AN70: N/A | AO70: N/A | AP70: N/A | AQ70: N/A | AR70: N/A | AS70: N/A | AT70: N/A | AU70: N/A | AV70: N/A | AW70: N/A | AX70: N/A | AY70: N/A | AZ70: N/A | BA70: N/A | BB70: N/A | BC70: N/A | BD70: N/A | BE70: N/A | BF70: N/A | BG70: N/A | BH70: N/A | BI70: N/A | BJ70: N/A | BK70: N/A | BL70: N/A | BM70: N/A | BN70: N/A | BO70: N/A | BP70: No | BQ70: N/A | BR70: N/A
A71: SPRDAPCMSGRU04 | B71: Default site | C71: N/A | D71: root | E71: SERVIDORES LINUX | F71: ACN : CMS, Impacto : A-CatastrÃ³fico | G71: unknown | H71: GRUPO INVEPAR | I71: 177130117155 | J71: 24.1.1.16 | K71: N/A | L71: Jun 21, 2024 04:40:42 PM | M71: server | N71: Dell Inc. PowerEdge M620 | O71: Linux | P71: Linux,Red Hat Enterprise Server release 6.10 (Santiago) 2.6.32-754.11.1.el6.x86_64 | Q71: 64 bit | R71: 126 GB | S71: 2 | T71: Intel(R) Xeon(R) CPU E5-2640 0 @ 2.50GHz | U71: 24 | V71: Online | W71: Connected | X71: Up to date | Y71: Completed( Jun 21, 2024 09:18:36 PM ) | Z71: 172.31.49.89 | AA71: No | AB71: Off | AC71: db80fc29-8ce5-535e-cee6-a1dcf43d0451 | AD71: 1.9776919e+18 | AE71: N/A | AF71: N/A | AG71: Not disabled | AH71: N/A | AI71: Jul 26, 2023 07:32:07 PM | AJ71: RPM | AK71: No | AL71: No | AM71: disabled | AN71: N/A | AO71: N/A | AP71: N/A | AQ71: N/A | AR71: N/A | AS71: N/A | AT71: N/A | AU71: N/A | AV71: N/A | AW71: N/A | AX71: N/A | AY71: N/A | AZ71: N/A | BA71: N/A | BB71: N/A | BC71: N/A | BD71: N/A | BE71: N/A | BF71: N/A | BG71: N/A | BH71: N/A | BI71: N/A | BJ71: N/A | BK71: N/A | BL71: N/A | BM71: N/A | BN71: N/A | BO71: N/A | BP71: No | BQ71: N/A | BR71: N/A
A72: SPRDAPRPGRU14 | B72: Default site | C72: N/A | D72: root | E72: SERVIDORES LINUX | F72: None | G72: unknown | H72: GRUPO INVEPAR | I72: 200.174.72.155 | J72: 24.1.1.16 | K72: N/A | L72: Jun 12, 2024 08:14:36 PM | M72: server | N72: VMware, Inc. VMware20,1 | O72: Linux | P72: Linux,Red Hat Enterprise release 8.10 (Ootpa) 4.18.0-553.22.1.el8_10.x86_64 | Q72: 64 bit | R72: 3 GB | S72: 4 | T72: Intel(R) Xeon(R) Gold 6348 CPU @ 2.60GHz | U72: 4 | V72: Offline | W72: Connected | X72: Up to date | Y72: Completed( Jun 12, 2024 08:25:48 PM ) | Z72: 192.168.0.61 | AA72: No | AB72: Off | AC72: d8ef3941-12de-8c6e-6d7b-a8c8cdb3559e | AD72: 1.9712765e+18 | AE72: N/A | AF72: N/A | AG72: Not disabled | AH72: N/A | AI72: Oct 18, 2024 07:03:48 PM | AJ72: RPM | AK72: No | AL72: No | AM72: disabled | AN72: N/A | AO72: N/A | AP72: N/A | AQ72: N/A | AR72: N/A | AS72: N/A | AT72: N/A | AU72: N/A | AV72: N/A | AW72: N/A | AX72: N/A | AY72: N/A | AZ72: N/A | BA72: N/A | BB72: N/A | BC72: N/A | BD72: N/A | BE72: N/A | BF72: N/A | BG72: N/A | BH72: N/A | BI72: N/A | BJ72: N/A | BK72: N/A | BL72: N/A | BM72: N/A | BN72: N/A | BO72: N/A | BP72: No | BQ72: N/A | BR72: N/A
A73: SPRDZBGRU05 | B73: Default site | C73: N/A | D73: root | E73: SERVIDORES LINUX | F73: ACN : INFRA CRITICA, Impacto : B-Perigoso | G73: unknown | H73: GRUPO INVEPAR | I73: 200.174.72.155 | J73: 23.4.2.14 | K73: N/A | L73: Jun 12, 2024 06:26:06 PM | M73: server | N73: VMware, Inc. VMware20,1 | O73: Linux | P73: Linux,Ubuntu 24.04.1 LTS 6.8.0-40-generic | Q73: 64 bit | R73: 10 GB | S73: 3 | T73: Intel(R) Xeon(R) Gold 6348 CPU @ 2.60GHz | U73: 6 | V73: Online | W73: Connected | X73: Up to date | Y73: Completed( Jun 12, 2024 06:42:47 PM ) | Z73: 172.16.253.72 | AA73: No | AB73: Off | AC73: d677ed09-389e-bab1-1d38-f6eb7b9c936d | AD73: 1.9712219e+18 | AE73: N/A | AF73: N/A | AG73: Not disabled | AH73: N/A | AI73: Aug 20, 2024 03:29:54 PM | AJ73: DEB | AK73: No | AL73: No | AM73: disabled | AN73: N/A | AO73: N/A | AP73: N/A | AQ73: N/A | AR73: N/A | AS73: N/A | AT73: N/A | AU73: N/A | AV73: N/A | AW73: N/A | AX73: N/A | AY73: N/A | AZ73: N/A | BA73: N/A | BB73: N/A | BC73: N/A | BD73: N/A | BE73: N/A | BF73: N/A | BG73: N/A | BH73: N/A | BI73: N/A | BJ73: N/A | BK73: N/A | BL73: N/A | BM73: N/A | BN73: N/A | BO73: N/A | BP73: No | BQ73: N/A | BR73: N/A
A74: SPRDZBGRU02 | B74: Default site | C74: N/A | D74: root | E74: SERVIDORES LINUX | F74: ACN : INFRA CRITICA, Impacto : B-Perigoso | G74: unknown | H74: GRUPO INVEPAR | I74: 200.174.72.155 | J74: 23.4.2.14 | K74: N/A | L74: Jun 12, 2024 06:24:51 PM | M74: server | N74: VMware, Inc. VMware20,1 | O74: Linux | P74: Linux,Ubuntu 24.04.1 LTS 6.8.0-40-generic | Q74: 64 bit | R74: 18 GB | S74: 5 | T74: Intel(R) Xeon(R) Gold 6348 CPU @ 2.60GHz | U74: 10 | V74: Online | W74: Connected | X74: Up to date | Y74: Aborted( Jun 12, 2024 06:29:20 PM ) | Z74: 172.16.253.69 | AA74: No | AB74: Off | AC74: d676dcad-a383-4607-0894-5405b0273665 | AD74: 1.9712213e+18 | AE74: N/A | AF74: N/A | AG74: Not disabled | AH74: N/A | AI74: Aug 15, 2024 03:26:18 PM | AJ74: DEB | AK74: No | AL74: No | AM74: disabled | AN74: N/A | AO74: N/A | AP74: N/A | AQ74: N/A | AR74: N/A | AS74: N/A | AT74: N/A | AU74: N/A | AV74: N/A | AW74: N/A | AX74: N/A | AY74: N/A | AZ74: N/A | BA74: N/A | BB74: N/A | BC74: N/A | BD74: N/A | BE74: N/A | BF74: N/A | BG74: N/A | BH74: N/A | BI74: N/A | BJ74: N/A | BK74: N/A | BL74: N/A | BM74: N/A | BN74: N/A | BO74: N/A | BP74: No | BQ74: N/A | BR74: N/A
A75: SPRDZBGRU01 | B75: Default site | C75: N/A | D75: root | E75: SERVIDORES LINUX | F75: ACN : INFRA CRITICA, Impacto : B-Perigoso | G75: unknown | H75: GRUPO INVEPAR | I75: 200.174.72.155 | J75: 23.4.2.14 | K75: N/A | L75: Jun 12, 2024 06:23:37 PM | M75: server | N75: VMware, Inc. VMware20,1 | O75: Linux | P75: Linux,Ubuntu 24.04.1 LTS 6.8.0-39-generic | Q75: 64 bit | R75: 10 GB | S75: 3 | T75: Intel(R) Xeon(R) Gold 6348 CPU @ 2.60GHz | U75: 6 | V75: Online | W75: Connected | X75: Up to date | Y75: Completed( Jun 12, 2024 06:41:42 PM ) | Z75: 172.16.253.68 | AA75: No | AB75: Off | AC75: d543e28e-03c5-06a2-4497-92a43e464804 | AD75: 1.9712207e+18 | AE75: N/A | AF75: N/A | AG75: Not disabled | AH75: N/A | AI75: Aug 09, 2024 03:57:56 PM | AJ75: DEB | AK75: No | AL75: No | AM75: disabled | AN75: N/A | AO75: N/A | AP75: N/A | AQ75: N/A | AR75: N/A | AS75: N/A | AT75: N/A | AU75: N/A | AV75: N/A | AW75: N/A | AX75: N/A | AY75: N/A | AZ75: N/A | BA75: N/A | BB75: N/A | BC75: N/A | BD75: N/A | BE75: N/A | BF75: N/A | BG75: N/A | BH75: N/A | BI75: N/A | BJ75: N/A | BK75: N/A | BL75: N/A | BM75: N/A | BN75: N/A | BO75: N/A | BP75: No | BQ75: N/A | BR75: N/A
A76: SPRDZBGRU04 | B76: Default site | C76: N/A | D76: root | E76: SERVIDORES LINUX | F76: ACN : INFRA CRITICA, Impacto : B-Perigoso | G76: unknown | H76: GRUPO INVEPAR | I76: 177130117155 | J76: 23.4.2.14 | K76: N/A | L76: Jun 11, 2024 08:14:25 PM | M76: server | N76: VMware, Inc. VMware20,1 | O76: Linux | P76: Linux,Ubuntu 24.04.1 LTS 6.8.0-40-generic | Q76: 64 bit | R76: 6 GB | S76: 2 | T76: Intel(R) Xeon(R) Gold 6348 CPU @ 2.60GHz | U76: 4 | V76: Online | W76: Connected | X76: Up to date | Y76: Completed( Jun 11, 2024 08:29:04 PM ) | Z76: 172.16.253.71 | AA76: No | AB76: Off | AC76: d84d6b0e-0803-5aae-0762-2e3c8fd4918f | AD76: 1.9705517e+18 | AE76: N/A | AF76: N/A | AG76: Not disabled | AH76: N/A | AI76: Aug 20, 2024 03:31:05 PM | AJ76: DEB | AK76: No | AL76: No | AM76: disabled | AN76: N/A | AO76: N/A | AP76: N/A | AQ76: N/A | AR76: N/A | AS76: N/A | AT76: N/A | AU76: N/A | AV76: N/A | AW76: N/A | AX76: N/A | AY76: N/A | AZ76: N/A | BA76: N/A | BB76: N/A | BC76: N/A | BD76: N/A | BE76: N/A | BF76: N/A | BG76: N/A | BH76: N/A | BI76: N/A | BJ76: N/A | BK76: N/A | BL76: N/A | BM76: N/A | BN76: N/A | BO76: N/A | BP76: No | BQ76: N/A | BR76: N/A
A77: SPRDMYSQLGRU03 | B77: Default site | C77: N/A | D77: root | E77: SERVIDORES LINUX | F77: None | G77: unknown | H77: GRUPO INVEPAR | I77: 200.174.72.155 | J77: 23.4.2.14 | K77: N/A | L77: Jun 11, 2024 01:32:16 PM | M77: server | N77: VMware, Inc. VMware20,1 | O77: Linux | P77: Linux,Ubuntu 24.04.1 LTS 6.8.0-45-generic | Q77: 64 bit | R77: 18 GB | S77: 3 | T77: Intel(R) Xeon(R) Gold 6348 CPU @ 2.60GHz | U77: 6 | V77: Online | W77: Connected | X77: Up to date | Y77: Completed( Jun 11, 2024 01:46:35 PM ) | Z77: 172.31.49.234 | AA77: No | AB77: Off | AC77: d76602d2-ad20-d568-f1eb-496d6df4d19a | AD77: 1.9703493e+18 | AE77: N/A | AF77: N/A | AG77: Not disabled | AH77: N/A | AI77: Oct 09, 2024 01:37:58 PM | AJ77: DEB | AK77: No | AL77: No | AM77: disabled | AN77: N/A | AO77: N/A | AP77: N/A | AQ77: N/A | AR77: N/A | AS77: N/A | AT77: N/A | AU77: N/A | AV77: N/A | AW77: N/A | AX77: N/A | AY77: N/A | AZ77: N/A | BA77: N/A | BB77: N/A | BC77: N/A | BD77: N/A | BE77: N/A | BF77: N/A | BG77: N/A | BH77: N/A | BI77: N/A | BJ77: N/A | BK77: N/A | BL77: N/A | BM77: N/A | BN77: N/A | BO77: N/A | BP77: No | BQ77: N/A | BR77: N/A
A78: SPRDZBGRU03 | B78: Default site | C78: N/A | D78: root | E78: SERVIDORES LINUX | F78: ACN : INFRA CRITICA, Impacto : B-Perigoso | G78: unknown | H78: GRUPO INVEPAR | I78: 200.174.72.155 | J78: 23.4.2.14 | K78: N/A | L78: Jun 05, 2024 07:56:52 PM | M78: server | N78: VMware, Inc. VMware20,1 | O78: Linux | P78: Linux,Ubuntu 24.04.1 LTS 6.8.0-40-generic | Q78: 64 bit | R78: 33 GB | S78: 10 | T78: Intel(R) Xeon(R) Gold 6348 CPU @ 2.60GHz | U78: 10 | V78: Online | W78: Connected | X78: Up to date | Y78: Completed( Jun 05, 2024 08:12:25 PM ) | Z78: 172.16.253.70 | AA78: No | AB78: Off | AC78: d6e712ac-d45e-787c-bba7-838e3d676df6 | AD78: 1.9661942e+18 | AE78: N/A | AF78: N/A | AG78: Not disabled | AH78: N/A | AI78: Aug 09, 2024 04:03:56 PM | AJ78: DEB | AK78: No | AL78: No | AM78: disabled | AN78: N/A | AO78: N/A | AP78: N/A | AQ78: N/A | AR78: N/A | AS78: N/A | AT78: N/A | AU78: N/A | AV78: N/A | AW78: N/A | AX78: N/A | AY78: N/A | AZ78: N/A | BA78: N/A | BB78: N/A | BC78: N/A | BD78: N/A | BE78: N/A | BF78: N/A | BG78: N/A | BH78: N/A | BI78: N/A | BJ78: N/A | BK78: N/A | BL78: N/A | BM78: N/A | BN78: N/A | BO78: N/A | BP78: No | BQ78: N/A | BR78: N/A
A79: SPRDAPPOSTGRU01 | B79: Default site | C79: N/A | D79: root | E79: SERVIDORES LINUX | F79: None | G79: unknown | H79: GRUPO INVEPAR | I79: 177130117155 | J79: 24.1.1.16 | K79: N/A | L79: May 28, 2024 02:36:16 PM | M79: server | N79: VMware, Inc. VMware20,1 | O79: Linux | P79: Linux,Red Hat Enterprise release 8.10 (Ootpa) 4.18.0-553.5.1.el8_10.x86_64 | Q79: 64 bit | R79: 4 GB | S79: 1 | T79: Intel(R) Xeon(R) Gold 6348 CPU @ 2.60GHz | U79: 2 | V79: Online | W79: Connected | X79: Up to date | Y79: Completed( May 28, 2024 02:48:41 PM ) | Z79: 172.31.49.13 | AA79: No | AB79: Off | AC79: d3068b0b-d35b-74a7-8b51-c8c82c098f21 | AD79: 1.9602346e+18 | AE79: N/A | AF79: N/A | AG79: Not disabled | AH79: N/A | AI79: Jun 18, 2024 06:53:25 PM | AJ79: RPM | AK79: No | AL79: No | AM79: disabled | AN79: N/A | AO79: N/A | AP79: N/A | AQ79: N/A | AR79: N/A | AS79: N/A | AT79: N/A | AU79: N/A | AV79: N/A | AW79: N/A | AX79: N/A | AY79: N/A | AZ79: N/A | BA79: N/A | BB79: N/A | BC79: N/A | BD79: N/A | BE79: N/A | BF79: N/A | BG79: N/A | BH79: N/A | BI79: N/A | BJ79: N/A | BK79: N/A | BL79: N/A | BM79: N/A | BN79: N/A | BO79: N/A | BP79: No | BQ79: N/A | BR79: N/A
A80: SPRDAPGLPIGRU02 | B80: Default site | C80: N/A | D80: root | E80: SERVIDORES LINUX | F80: None | G80: unknown | H80: GRUPO INVEPAR | I80: 177130117155 | J80: 23.4.2.14 | K80: N/A | L80: May 17, 2024 11:21:28 PM | M80: server | N80: VMware, Inc. VMware Virtual Platform | O80: Linux | P80: Linux,Ubuntu 22.04.4 LTS 5.15.0-107-generic | Q80: 64 bit | R80: 16 GB | S80: 8 | T80: Intel(R) Xeon(R) CPU E5-4620 v2 @ 2.60GHz | U80: 8 | V80: Offline | W80: Connected | X80: Up to date | Y80: Completed( May 18, 2024 12:30:28 AM ) | Z80: 172.31.50.82 | AA80: No | AB80: Off | AC80: d0f85902-78f4-d899-00fb-416159792215 | AD80: 1.9525264e+18 | AE80: N/A | AF80: N/A | AG80: Not disabled | AH80: N/A | AI80: May 17, 2024 11:21:40 PM | AJ80: DEB | AK80: No | AL80: No | AM80: disabled | AN80: N/A | AO80: N/A | AP80: N/A | AQ80: N/A | AR80: N/A | AS80: N/A | AT80: N/A | AU80: N/A | AV80: N/A | AW80: N/A | AX80: N/A | AY80: N/A | AZ80: N/A | BA80: N/A | BB80: N/A | BC80: N/A | BD80: N/A | BE80: N/A | BF80: N/A | BG80: N/A | BH80: N/A | BI80: N/A | BJ80: N/A | BK80: N/A | BL80: N/A | BM80: N/A | BN80: N/A | BO80: N/A | BP80: No | BQ80: N/A | BR80: N/A
A81: SPRDAPGLPIGRU01 | B81: Default site | C81: N/A | D81: root | E81: SERVIDORES LINUX | F81: None | G81: unknown | H81: GRUPO INVEPAR | I81: 200.174.72.155 | J81: 23.4.2.14 | K81: N/A | L81: Apr 25, 2024 05:15:37 PM | M81: server | N81: VMware, Inc. VMware Virtual Platform | O81: Linux | P81: Linux,Ubuntu 22.04.4 LTS 5.15.0-124-generic | Q81: 64 bit | R81: 8 GB | S81: 4 | T81: Intel(R) Xeon(R) CPU E5-4620 v2 @ 2.60GHz | U81: 4 | V81: Online | W81: Connected | X81: Up to date | Y81: Completed( Apr 25, 2024 07:08:23 PM ) | Z81: 172.31.50.80 | AA81: No | AB81: Off | AC81: c93e0809-d210-2019-08c4-4750b0fee66d | AD81: 1.9363972e+18 | AE81: N/A | AF81: N/A | AG81: Not disabled | AH81: N/A | AI81: Oct 22, 2024 09:09:54 PM | AJ81: DEB | AK81: No | AL81: No | AM81: disabled | AN81: N/A | AO81: N/A | AP81: N/A | AQ81: N/A | AR81: N/A | AS81: N/A | AT81: N/A | AU81: N/A | AV81: N/A | AW81: N/A | AX81: N/A | AY81: N/A | AZ81: N/A | BA81: N/A | BB81: N/A | BC81: N/A | BD81: N/A | BE81: N/A | BF81: N/A | BG81: N/A | BH81: N/A | BI81: N/A | BJ81: N/A | BK81: N/A | BL81: N/A | BM81: N/A | BN81: N/A | BO81: N/A | BP81: No | BQ81: N/A | BR81: N/A
A82: SPRDAPIHSGRU02 | B82: Default site | C82: N/A | D82: root | E82: SERVIDORES DMZ | F82: ACN : BROKER, Impacto : B-Perigoso | G82: gru.local | H82: GRUPO INVEPAR | I82: 200.174.72.155 | J82: 23.4.2.14 | K82: N/A | L82: Apr 19, 2024 01:38:46 PM | M82: server | N82: VMware, Inc. VMware Virtual Platform | O82: Linux | P82: Linux,Red Hat Enterprise release 8.3 (Ootpa) 4.18.0-240.10.1.el8_3.x86_64 | Q82: 64 bit | R82: 8 GB | S82: 1 | T82: Intel(R) Xeon(R) Gold 6348 CPU @ 2.60GHz | U82: 2 | V82: Online | W82: Connected | X82: Out of date | Y82: Aborted( Apr 19, 2024 01:42:28 PM ) | Z82: 192.168.0.41 | AA82: No | AB82: Off | AC82: c700e2a0-25f5-fd28-e46c-d0f2739fe028 | AD82: 1.9319394e+18 | AE82: N/A | AF82: N/A | AG82: Not disabled | AH82: N/A | AI82: Oct 03, 2024 04:13:47 AM | AJ82: RPM | AK82: No | AL82: No | AM82: disabled | AN82: N/A | AO82: N/A | AP82: N/A | AQ82: N/A | AR82: N/A | AS82: N/A | AT82: N/A | AU82: N/A | AV82: N/A | AW82: N/A | AX82: N/A | AY82: N/A | AZ82: N/A | BA82: N/A | BB82: N/A | BC82: N/A | BD82: N/A | BE82: N/A | BF82: N/A | BG82: N/A | BH82: N/A | BI82: N/A | BJ82: N/A | BK82: N/A | BL82: N/A | BM82: N/A | BN82: N/A | BO82: N/A | BP82: No | BQ82: N/A | BR82: N/A
A83: sprdaprpgru03 | B83: Default site | C83: N/A | D83: root | E83: SERVIDORES DMZ | F83: ACN : AMS, Impacto : B-Perigoso | G83: unknown | H83: GRUPO INVEPAR | I83: 177130117155 | J83: 23.1.2.9 | K83: N/A | L83: Mar 21, 2024 08:46:20 PM | M83: server | N83: VMware, Inc. VMware Virtual Platform | O83: Linux | P83: Linux,Ubuntu 16.04 LTS 4.4.0-45-generic | Q83: 64 bit | R83: 5 GB | S83: 2 | T83: Intel(R) Xeon(R) Gold 6348 CPU @ 2.60GHz | U83: 4 | V83: Offline | W83: Connected | X83: Up to date | Y83: Completed( Mar 22, 2024 03:50:01 AM ) | Z83: 192.168.0.26 | AA83: No | AB83: Off | AC83: be8640ad-99ac-cd58-409f-154a8eddb6be | AD83: 1.9111361e+18 | AE83: N/A | AF83: N/A | AG83: Not disabled | AH83: N/A | AI83: Aug 29, 2024 08:42:49 PM | AJ83: DEB | AK83: No | AL83: No | AM83: disabled | AN83: N/A | AO83: N/A | AP83: N/A | AQ83: N/A | AR83: N/A | AS83: N/A | AT83: N/A | AU83: N/A | AV83: N/A | AW83: N/A | AX83: N/A | AY83: N/A | AZ83: N/A | BA83: N/A | BB83: N/A | BC83: N/A | BD83: N/A | BE83: N/A | BF83: N/A | BG83: N/A | BH83: N/A | BI83: N/A | BJ83: N/A | BK83: N/A | BL83: N/A | BM83: N/A | BN83: N/A | BO83: N/A | BP83: No | BQ83: N/A | BR83: N/A
A84: SHOMAPCMSGRU03 | B84: Default site | C84: N/A | D84: root | E84: SERVIDORES LINUX | F84: None | G84: gru.local | H84: GRUPO INVEPAR | I84: 200.174.72.155 | J84: 24.1.1.16 | K84: N/A | L84: Mar 08, 2024 03:05:14 PM | M84: server | N84: VMware, Inc. VMware Virtual Platform | O84: Linux | P84: Linux,Red Hat Enterprise release 8.10 (Ootpa) 4.18.0-553.16.1.el8_10.x86_64 | Q84: 64 bit | R84: 17 GB | S84: 4 | T84: Intel(R) Xeon(R) CPU E5-4620 v2 @ 2.60GHz | U84: 4 | V84: Online | W84: Connected | X84: Up to date | Y84: Completed( Mar 08, 2024 04:16:34 PM ) | Z84: 172.31.52.31 | AA84: No | AB84: Off | AC84: ba4a95cf-7bdf-3fda-bede-2308e155feec | AD84: 1.9015424e+18 | AE84: N/A | AF84: N/A | AG84: Not disabled | AH84: N/A | AI84: Sep 17, 2024 09:40:02 PM | AJ84: RPM | AK84: No | AL84: No | AM84: disabled | AN84: N/A | AO84: N/A | AP84: N/A | AQ84: N/A | AR84: N/A | AS84: N/A | AT84: N/A | AU84: N/A | AV84: N/A | AW84: N/A | AX84: N/A | AY84: N/A | AZ84: N/A | BA84: N/A | BB84: N/A | BC84: N/A | BD84: N/A | BE84: N/A | BF84: N/A | BG84: N/A | BH84: N/A | BI84: N/A | BJ84: N/A | BK84: N/A | BL84: N/A | BM84: N/A | BN84: N/A | BO84: N/A | BP84: No | BQ84: N/A | BR84: N/A
A85: SHOMWBCMSGRU01 | B85: Default site | C85: N/A | D85: root | E85: SERVIDORES LINUX | F85: None | G85: unknown | H85: GRUPO INVEPAR | I85: 177130117155 | J85: 24.1.1.16 | K85: N/A | L85: Mar 08, 2024 03:02:47 PM | M85: server | N85: VMware, Inc. VMware Virtual Platform | O85: Linux | P85: Linux,Red Hat Enterprise release 8.10 (Ootpa) 4.18.0-553.16.1.el8_10.x86_64 | Q85: 64 bit | R85: 17 GB | S85: 4 | T85: Intel(R) Xeon(R) CPU E5-4640 0 @ 2.40GHz | U85: 4 | V85: Online | W85: Connected | X85: Up to date | Y85: Completed( Mar 08, 2024 04:22:59 PM ) | Z85: 172.31.52.32 | AA85: No | AB85: Off | AC85: ba2b9d65-9be0-94ea-6b08-976bf095e278 | AD85: 1.9015411e+18 | AE85: N/A | AF85: N/A | AG85: Not disabled | AH85: N/A | AI85: Oct 03, 2024 11:02:15 AM | AJ85: RPM | AK85: No | AL85: No | AM85: disabled | AN85: N/A | AO85: N/A | AP85: N/A | AQ85: N/A | AR85: N/A | AS85: N/A | AT85: N/A | AU85: N/A | AV85: N/A | AW85: N/A | AX85: N/A | AY85: N/A | AZ85: N/A | BA85: N/A | BB85: N/A | BC85: N/A | BD85: N/A | BE85: N/A | BF85: N/A | BG85: N/A | BH85: N/A | BI85: N/A | BJ85: N/A | BK85: N/A | BL85: N/A | BM85: N/A | BN85: N/A | BO85: N/A | BP85: No | BQ85: N/A | BR85: N/A
A86: SPRDAPRMAGRU04 | B86: Default site | C86: N/A | D86: root | E86: SERVIDORES DMZ | F86: ACN : AMS, Impacto : C-Maior | G86: unknown | H86: GRUPO INVEPAR | I86: 200.174.72.155 | J86: 23.1.1.7 | K86: N/A | L86: Oct 02, 2023 01:12:53 PM | M86: server | N86: VMware, Inc. VMware Virtual Platform | O86: Linux | P86: Linux,Ubuntu 20.04.1 LTS 5.4.0-187-generic | Q86: 64 bit | R86: 4 GB | S86: 1 | T86: Intel(R) Xeon(R) Gold 6348 CPU @ 2.60GHz | U86: 2 | V86: Online | W86: Connected | X86: Up to date | Y86: Completed( Oct 02, 2023 02:52:34 PM ) | Z86: 192.168.0.36 | AA86: No | AB86: Off | AC86: 562a761f-996d-6972-afe2-3d2d5da8eade | AD86: 1.7869713e+18 | AE86: N/A | AF86: N/A | AG86: Not disabled | AH86: N/A | AI86: Jul 02, 2024 02:18:23 PM | AJ86: DEB | AK86: No | AL86: No | AM86: disabled | AN86: N/A | AO86: N/A | AP86: N/A | AQ86: N/A | AR86: N/A | AS86: N/A | AT86: N/A | AU86: N/A | AV86: N/A | AW86: N/A | AX86: N/A | AY86: N/A | AZ86: N/A | BA86: N/A | BB86: N/A | BC86: N/A | BD86: N/A | BE86: N/A | BF86: N/A | BG86: N/A | BH86: N/A | BI86: N/A | BJ86: N/A | BK86: N/A | BL86: N/A | BM86: N/A | BN86: N/A | BO86: N/A | BP86: No | BQ86: N/A | BR86: N/A
A87: SPRDAPRPGRU13 | B87: Default site | C87: N/A | D87: root | E87: SERVIDORES DMZ | F87: None | G87: unknown | H87: GRUPO INVEPAR | I87: 177130117155 | J87: 23.1.1.7 | K87: N/A | L87: Sep 21, 2023 08:51:18 PM | M87: server | N87: VMware, Inc. VMware Virtual Platform | O87: Linux | P87: Linux,Ubuntu 22.04.4 LTS 5.15.0-105-generic | Q87: 64 bit | R87: 4 GB | S87: 1 | T87: Intel(R) Xeon(R) CPU E5-4620 v2 @ 2.60GHz | U87: 2 | V87: Online | W87: Connected | X87: Up to date | Y87: Completed( Sep 21, 2023 10:04:46 PM ) | Z87: 192.168.0.59 | AA87: No | AB87: Off | AC87: 87e40c27-a327-1891-8181-984ed82046a3 | AD87: 1.7792294e+18 | AE87: N/A | AF87: N/A | AG87: Not disabled | AH87: N/A | AI87: Apr 23, 2024 02:38:37 PM | AJ87: DEB | AK87: No | AL87: No | AM87: disabled | AN87: N/A | AO87: N/A | AP87: N/A | AQ87: N/A | AR87: N/A | AS87: N/A | AT87: N/A | AU87: N/A | AV87: N/A | AW87: N/A | AX87: N/A | AY87: N/A | AZ87: N/A | BA87: N/A | BB87: N/A | BC87: N/A | BD87: N/A | BE87: N/A | BF87: N/A | BG87: N/A | BH87: N/A | BI87: N/A | BJ87: N/A | BK87: N/A | BL87: N/A | BM87: N/A | BN87: N/A | BO87: N/A | BP87: No | BQ87: N/A | BR87: N/A
A88: SPRDAPRPGRU12 | B88: Default site | C88: N/A | D88: root | E88: SERVIDORES DMZ | F88: ACN : CMS, Impacto : B-Perigoso | G88: unknown | H88: GRUPO INVEPAR | I88: 200.174.72.155 | J88: 22.3.3.11 | K88: N/A | L88: Sep 21, 2023 08:50:04 PM | M88: server | N88: VMware, Inc. VMware Virtual Platform | O88: Linux | P88: Linux,Ubuntu 22.04.4 LTS 5.15.0-122-generic | Q88: 64 bit | R88: 8 GB | S88: 1 | T88: Intel(R) Xeon(R) Gold 6348 CPU @ 2.60GHz | U88: 2 | V88: Online | W88: Connected | X88: Up to date | Y88: Completed( Sep 21, 2023 10:04:34 PM ) | Z88: 192.168.0.60 | AA88: No | AB88: Off | AC88: 87f5c393-bebb-6fa6-ab1d-c76c18adf5f1 | AD88: 1.7792288e+18 | AE88: N/A | AF88: N/A | AG88: Not disabled | AH88: N/A | AI88: Oct 10, 2024 04:58:53 AM | AJ88: DEB | AK88: No | AL88: No | AM88: disabled | AN88: N/A | AO88: N/A | AP88: N/A | AQ88: N/A | AR88: N/A | AS88: N/A | AT88: N/A | AU88: N/A | AV88: N/A | AW88: N/A | AX88: N/A | AY88: N/A | AZ88: N/A | BA88: N/A | BB88: N/A | BC88: N/A | BD88: N/A | BE88: N/A | BF88: N/A | BG88: N/A | BH88: N/A | BI88: N/A | BJ88: N/A | BK88: N/A | BL88: N/A | BM88: N/A | BN88: N/A | BO88: N/A | BP88: No | BQ88: N/A | BR88: N/A
