Workbook

Sheet INVENTÁRIO_02_2026
A1: Servidor | B1: Tipo SO | C1: Versão SO | D1: Fisico/Virtual | E1: Local
A2: SPRDBDDACGRU01 | B2: Linux | C2: CentOS | D2: Virtual | E2: "vmware 6.5" | F2: =VLOOKUP(A:A,[1]INVENTÁRIO_01_2026!A:A,1,0) -> SPRDBDDACGRU01
A3: SPRDAPPFSGRU02-NEW | B3: Linux | C3: FreeBSD 14 or later versions (64-bit) | D3: Virtual | E3: "vmware 6.5" | F3: =VLOOKUP(A:A,[1]INVENTÁRIO_01_2026!A:A,1,0) -> SPRDAPPFSGRU02-NEW
A4: SPRDAPVPRGRU07 | B4: Linux | C4: SUSE Linux Enterprise 12 (64-bit) | D4: Virtual | E4: "vmware 6.5" | F4: =VLOOKUP(A:A,[1]INVENTÁRIO_01_2026!A:A,1,0) -> SPRDAPVPRGRU07
A5: SPRDAPVPRGRU03 | B5: Linux | C5: SUSE Linux Enterprise 15 (64-bit) | D5: Virtual | E5: "vmware 6.5" | F5: =VLOOKUP(A:A,[1]INVENTÁRIO_01_2026!A:A,1,0) -> SPRDAPVPRGRU03
A6: SPRDAPVPRGRU04 | B6: Linux | C6: SUSE Linux Enterprise 15 (64-bit) | D6: Virtual | E6: "vmware 6.5" | F6: =VLOOKUP(A:A,[1]INVENTÁRIO_01_2026!A:A,1,0) -> SPRDAPVPRGRU04
A7: SPRDAPVPRGRU05 | B7: Linux | C7: SUSE Linux Enterprise 15 (64-bit) | D7: Virtual | E7: "vmware 6.5" | F7: =VLOOKUP(A:A,[1]INVENTÁRIO_01_2026!A:A,1,0) -> SPRDAPVPRGRU05
A8: SPRDAPVPRGRU06 | B8: Linux | C8: SUSE Linux Enterprise 15 (64-bit) | D8: Virtual | E8: "vmware 6.5" | F8: =VLOOKUP(A:A,[1]INVENTÁRIO_01_2026!A:A,1,0) -> SPRDAPVPRGRU06
A9: SPRDAPPRMGRU01 | B9: Linux | C9: Ubuntu Linux (64-bit) | D9: Virtual | E9: "vmware 6.5" | F9: =VLOOKUP(A:A,[1]INVENTÁRIO_01_2026!A:A,1,0) -> SPRDAPPRMGRU01
A10: SPRDAPVCSAGRU01 | B10: Linux | C10: VMware Photon OS (64-bit) | D10: Virtual | E10: "vmware 6.5" | F10: =VLOOKUP(A:A,[1]INVENTÁRIO_01_2026!A:A,1,0) -> SPRDAPVCSAGRU01
A11: SPRDVMGRU01 | B11: Linux | C11: Appliance Vmware | D11: Fisico | E11: ENCLOSURE1-HY381Y1 | F11: =VLOOKUP(A:A,[1]INVENTÁRIO_12_2025!A:A,1,0) -> SPRDVMGRU01
A12: SPRDVMGRU02 | B12: Linux | C12: Appliance Vmware | D12: Fisico | E12: ENCLOSURE1-HY381Y1 | F12: =VLOOKUP(A:A,[1]INVENTÁRIO_12_2025!A:A,1,0) -> SPRDVMGRU02
A13: SPRDVMGRU05 | B13: Linux | C13: Appliance Vmware | D13: Fisico | E13: ENCLOSURE1-HY381Y1 | F13: =VLOOKUP(A:A,[1]INVENTÁRIO_12_2025!A:A,1,0) -> SPRDVMGRU05
A14: SPRDBDORAGRU03 | B14: Linux | C14: RedHat 5 | D14: Fisico | E14: ENCLOSURE1-HY381Y1 | F14: =VLOOKUP(A:A,[1]INVENTÁRIO_12_2025!A:A,1,0) -> SPRDBDORAGRU03
A15: SPRDAPCMSGRU02 | B15: Linux | C15: RedHat 6 | D15: Fisico | E15: ENCLOSURE1-HY381Y1 | F15: =VLOOKUP(A:A,[1]INVENTÁRIO_12_2025!A:A,1,0) -> SPRDAPCMSGRU02
A16: SPRDAPCMSGRU07 | B16: Linux | C16: RedHat 6 | D16: Fisico | E16: ENCLOSURE1-HY381Y1 | F16: =VLOOKUP(A:A,[1]INVENTÁRIO_12_2025!A:A,1,0) -> SPRDAPCMSGRU07
A17: SPRDBDORAGRU04 | B17: Linux | C17: RedHat 6 | D17: Fisico | E17: ENCLOSURE1-HY381Y1 | F17: =VLOOKUP(A:A,[1]INVENTÁRIO_12_2025!A:A,1,0) -> SPRDBDORAGRU04
A18: SPRDVMGRU03 | B18: Linux | C18: Appliance Vmware | D18: Fisico | E18: ENCLOSURE2-BY381Y1 | F18: =VLOOKUP(A:A,[1]INVENTÁRIO_12_2025!A:A,1,0) -> SPRDVMGRU03
A19: SPRDVMGRU04 | B19: Linux | C19: Appliance Vmware | D19: Fisico | E19: ENCLOSURE2-BY381Y1 | F19: =VLOOKUP(A:A,[1]INVENTÁRIO_12_2025!A:A,1,0) -> SPRDVMGRU04
A20: SPRDVMGRU06 | B20: Linux | C20: Appliance Vmware | D20: Fisico | E20: ENCLOSURE2-BY381Y1 | F20: =VLOOKUP(A:A,[1]INVENTÁRIO_12_2025!A:A,1,0) -> SPRDVMGRU06
A21: SPRDAPCMSGRU04 | B21: Linux | C21: RedHat 6 | D21: Fisico | E21: ENCLOSURE2-BY381Y1 | F21: =VLOOKUP(A:A,[1]INVENTÁRIO_12_2025!A:A,1,0) -> SPRDAPCMSGRU04
A22: SPRDAPCMSGRU05 | B22: Linux | C22: RedHat 6 | D22: Fisico | E22: ENCLOSURE2-BY381Y1 | F22: =VLOOKUP(A:A,[1]INVENTÁRIO_12_2025!A:A,1,0) -> SPRDAPCMSGRU05
... A51: SPRDESXIGRU07 | B51: Linux | C51: Appliance Vmware | D51: Fisico | E51: HCI | F51: =VLOOKUP(A:A,[1]INVENTÁRIO_12_2025!A:A,1,0) -> SPRDESXIGRU07
A52: SPRDAPSSAGRU01 | B52: Linux | C52: CentOS | D52: Virtual | E52: HCI | F52: =VLOOKUP(A:A,[1]INVENTÁRIO_01_2026!A:A,1,0) -> SPRDAPSSAGRU01
A53: SPRDAPDSMGRU01 | B53: Linux | C53: CentOS | D53: Virtual | E53: HCI | F53: =VLOOKUP(A:A,[1]INVENTÁRIO_01_2026!A:A,1,0) -> SPRDAPDSMGRU01
A54: SPRDAPOCSGRU01 | B54: Linux | C54: Debian GNU/Linux 10 (64-bit) | D54: Virtual | E54: HCI | F54: =VLOOKUP(A:A,[1]INVENTÁRIO_01_2026!A:A,1,0) -> SPRDAPOCSGRU01
A55: SPRDSIEM01 | B55: Linux | C55: Debian GNU/Linux 10 (64-bit) | D55: Virtual | E55: HCI | F55: =VLOOKUP(A:A,[1]INVENTÁRIO_01_2026!A:A,1,0) -> SPRDSIEM01
A56: SPRDSIEM02 | B56: Linux | C56: Debian GNU/Linux 10 (64-bit) | D56: Virtual | E56: HCI | F56: =VLOOKUP(A:A,[1]INVENTÁRIO_01_2026!A:A,1,0) -> SPRDSIEM02
A57: SPRDSKINTGRU01 | B57: Linux | C57: Debian GNU/Linux 11 (64-bit) | D57: Virtual | E57: HCI | F57: =VLOOKUP(A:A,[1]INVENTÁRIO_01_2026!A:A,1,0) -> SPRDSKINTGRU01
A58: SPRDAPSSGRU01 | B58: Linux | C58: Debian GNU/Linux 11 (64-bit) | D58: Virtual | E58: HCI | F58: =VLOOKUP(A:A,[1]INVENTÁRIO_01_2026!A:A,1,0) -> SPRDAPSSGRU01
A59: SPRDAPSSGRU02 | B59: Linux | C59: Debian GNU/Linux 11 (64-bit) | D59: Virtual | E59: HCI | F59: =VLOOKUP(A:A,[1]INVENTÁRIO_01_2026!A:A,1,0) -> SPRDAPSSGRU02
A60: SPRDAPINSGRU01 | B60: Linux | C60: FreeBSD (64-bit) | D60: Virtual | E60: HCI | F60: =VLOOKUP(A:A,[1]INVENTÁRIO_01_2026!A:A,1,0) -> SPRDAPINSGRU01
A61: SPRDAPPFSGRU01 | B61: Linux | C61: FreeBSD 14 or later versions (64-bit) | D61: Virtual | E61: HCI | F61: =VLOOKUP(A:A,[1]INVENTÁRIO_01_2026!A:A,1,0) -> SPRDAPPFSGRU01
A62: SPRDAPPFSGRU03 | B62: Linux | C62: FreeBSD 14 or later versions (64-bit) | D62: Virtual | E62: HCI | F62: =VLOOKUP(A:A,[1]INVENTÁRIO_01_2026!A:A,1,0) -> SPRDAPPFSGRU03
A63: SPRDAPDIPGRU01 | B63: Linux | C63: Oracle Linux 9 (64-bit) | D63: Virtual | E63: HCI | F63: =VLOOKUP(A:A,[1]INVENTÁRIO_01_2026!A:A,1,0) -> SPRDAPDIPGRU01
... A143: SPRDZBGRU05 | B143: Linux | C143: Ubuntu Linux (64-bit) | D143: Virtual | E143: HCI | F143: =VLOOKUP(A:A,[1]INVENTÁRIO_01_2026!A:A,1,0) -> SPRDZBGRU05
A144: VIGIAGRO | B144: Linux | C144: PFSense 2.7.2 | D144: Fisico | E144: TPS2 | F144: =VLOOKUP(A:A,[1]INVENTÁRIO_12_2025!A:A,1,0) -> VIGIAGRO
A145: SPRDSTNGRU01 | B145: Linux | C145: RedHat 8 | D145: Fisico | E145: TPS2 | F145: =VLOOKUP(A:A,[1]INVENTÁRIO_12_2025!A:A,1,0) -> SPRDSTNGRU01
